ID_TURMA;DESCR_SITUACAO;COD_TURMA;MATR_ALUNO;COD_CURSO;NOME_CURSO;COD_ATIV_CURRIC;NOME_ATIV_CURRIC;NOTA1;NUM_FALTAS1;NOTA2;NUM_FALTAS2;NOTA3;NUM_FALTAS3;NOTA4;NUM_FALTAS4;NOTA5;NUM_FALTAS5;NOTA6;NUM_FALTAS6;NOTA7;NUM_FALTAS7;MEDIA_FINAL;DESCR_SITUACAO_1;ANO;DESCR_PERIODO;SITUACAO_ITEM;PERIODO_ITEM
134325;Aprovado;2;21600609;FT08;Engenharia de Materiais;IEC037;INTRODUÇÃO A PROGRAMAÇÃO DE COMPUTADORES;0;0;0;0;0;0;0;0;0;0;0;0;0;0;7,12;Aprovado;2016; 1° Semestre;1;201
134325;Reprovado por Freqüência;2;21603632;FT08;Engenharia de Materiais;IEC037;INTRODUÇÃO A PROGRAMAÇÃO DE COMPUTADORES;0;0;0;0;0;0;0;0;0;0;0;0;0;0;1,85;Reprovado por Freqüência;2016; 1° Semestre;3;201
134325;Reprovado por Nota;2;21602276;FT08;Engenharia de Materiais;IEC037;INTRODUÇÃO A PROGRAMAÇÃO DE COMPUTADORES;0;0;0;0;0;0;0;0;0;0;0;0;0;0;2,39;Reprovado por Nota;2016; 1° Semestre;2;201
134325;Reprovado por Nota;2;21602272;FT08;Engenharia de Materiais;IEC037;INTRODUÇÃO A PROGRAMAÇÃO DE COMPUTADORES;0;0;0;0;0;0;0;0;0;0;0;0;0;0;1,64;Reprovado por Nota;2016; 1° Semestre;2;201
134325;Reprovado por Freqüência;2;21650870;FT08;Engenharia de Materiais;IEC037;INTRODUÇÃO A PROGRAMAÇÃO DE COMPUTADORES;0;0;0;0;0;0;0;0;0;0;0;0;0;0;0;Reprovado por Freqüência;2016; 1° Semestre;3;201
134325;Reprovado por Nota;2;21602280;FT08;Engenharia de Materiais;IEC037;INTRODUÇÃO A PROGRAMAÇÃO DE COMPUTADORES;0;0;0;0;0;0;0;0;0;0;0;0;0;0;1,45;Reprovado por Nota;2016; 1° Semestre;2;201
134325;Reprovado por Nota;2;21601487;FT08;Engenharia de Materiais;IEC037;INTRODUÇÃO A PROGRAMAÇÃO DE COMPUTADORES;0;0;0;0;0;0;0;0;0;0;0;0;0;0;1,65;Reprovado por Nota;2016; 1° Semestre;2;201
134325;Aprovado;2;21650278;FT08;Engenharia de Materiais;IEC037;INTRODUÇÃO A PROGRAMAÇÃO DE COMPUTADORES;0;0;0;0;0;0;0;0;0;0;0;0;0;0;5,11;Aprovado;2016; 1° Semestre;1;201
134325;Aprovado;2;21600654;FT08;Engenharia de Materiais;IEC037;INTRODUÇÃO A PROGRAMAÇÃO DE COMPUTADORES;0;0;0;0;0;0;0;0;0;0;0;0;0;0;5,84;Aprovado;2016; 1° Semestre;1;201
134325;Reprovado por Nota;2;21602273;FT08;Engenharia de Materiais;IEC037;INTRODUÇÃO A PROGRAMAÇÃO DE COMPUTADORES;0;0;0;0;0;0;0;0;0;0;0;0;0;0;2,63;Reprovado por Nota;2016; 1° Semestre;2;201
134325;Reprovado por Freqüência;2;21601216;FT08;Engenharia de Materiais;IEC037;INTRODUÇÃO A PROGRAMAÇÃO DE COMPUTADORES;0;0;0;0;0;0;0;0;0;0;0;0;0;0;2,47;Reprovado por Freqüência;2016; 1° Semestre;3;201
134325;Reprovado por Nota;2;21602279;FT08;Engenharia de Materiais;IEC037;INTRODUÇÃO A PROGRAMAÇÃO DE COMPUTADORES;0;0;0;0;0;0;0;0;0;0;0;0;0;0;3,12;Reprovado por Nota;2016; 1° Semestre;2;201
134325;Aprovado;2;21601218;FT08;Engenharia de Materiais;IEC037;INTRODUÇÃO A PROGRAMAÇÃO DE COMPUTADORES;0;0;0;0;0;0;0;0;0;0;0;0;0;0;7,55;Aprovado;2016; 1° Semestre;1;201
134325;Reprovado por Nota;2;21650234;FT08;Engenharia de Materiais;IEC037;INTRODUÇÃO A PROGRAMAÇÃO DE COMPUTADORES;0;0;0;0;0;0;0;0;0;0;0;0;0;0;1,17;Reprovado por Nota;2016; 1° Semestre;2;201
134325;Aprovado;2;21602274;FT08;Engenharia de Materiais;IEC037;INTRODUÇÃO A PROGRAMAÇÃO DE COMPUTADORES;0;0;0;0;0;0;0;0;0;0;0;0;0;0;5,02;Aprovado;2016; 1° Semestre;1;201
134325;Reprovado por Nota;2;21602270;FT08;Engenharia de Materiais;IEC037;INTRODUÇÃO A PROGRAMAÇÃO DE COMPUTADORES;0;0;0;0;0;0;0;0;0;0;0;0;0;0;2,77;Reprovado por Nota;2016; 1° Semestre;2;201
134325;Reprovado por Nota;2;21602278;FT08;Engenharia de Materiais;IEC037;INTRODUÇÃO A PROGRAMAÇÃO DE COMPUTADORES;0;0;0;0;0;0;0;0;0;0;0;0;0;0;1,43;Reprovado por Nota;2016; 1° Semestre;2;201
134325;Aprovado;2;21602275;FT08;Engenharia de Materiais;IEC037;INTRODUÇÃO A PROGRAMAÇÃO DE COMPUTADORES;0;0;0;0;0;0;0;0;0;0;0;0;0;0;5,09;Aprovado;2016; 1° Semestre;1;201
134325;Reprovado por Nota;2;21601088;FT08;Engenharia de Materiais;IEC037;INTRODUÇÃO A PROGRAMAÇÃO DE COMPUTADORES;0;0;0;0;0;0;0;0;0;0;0;0;0;0;2,61;Reprovado por Nota;2016; 1° Semestre;2;201
134325;Aprovado;2;21602284;FT08;Engenharia de Materiais;IEC037;INTRODUÇÃO A PROGRAMAÇÃO DE COMPUTADORES;0;0;0;0;0;0;0;0;0;0;0;0;0;0;5,46;Aprovado;2016; 1° Semestre;1;201
134325;Aprovado;2;21457383;FT08;Engenharia de Materiais;IEC037;INTRODUÇÃO A PROGRAMAÇÃO DE COMPUTADORES;0;0;0;0;0;0;0;0;0;0;0;0;0;0;5,02;Aprovado;2016; 1° Semestre;1;201
134325;Aprovado;2;21650065;FT08;Engenharia de Materiais;IEC037;INTRODUÇÃO A PROGRAMAÇÃO DE COMPUTADORES;0;0;0;0;0;0;0;0;0;0;0;0;0;0;7,07;Aprovado;2016; 1° Semestre;1;201
134325;Reprovado por Freqüência;2;21600830;FT08;Engenharia de Materiais;IEC037;INTRODUÇÃO A PROGRAMAÇÃO DE COMPUTADORES;0;0;0;0;0;0;0;0;0;0;0;0;0;0;0;Reprovado por Freqüência;2016; 1° Semestre;3;201
134325;Reprovado por Nota;2;21602281;FT08;Engenharia de Materiais;IEC037;INTRODUÇÃO A PROGRAMAÇÃO DE COMPUTADORES;0;0;0;0;0;0;0;0;0;0;0;0;0;0;2,03;Reprovado por Nota;2016; 1° Semestre;2;201
134325;Aprovado;2;21601217;FT08;Engenharia de Materiais;IEC037;INTRODUÇÃO A PROGRAMAÇÃO DE COMPUTADORES;0;0;0;0;0;0;0;0;0;0;0;0;0;0;7,83;Aprovado;2016; 1° Semestre;1;201
134325;Reprovado por Nota;2;21650868;FT08;Engenharia de Materiais;IEC037;INTRODUÇÃO A PROGRAMAÇÃO DE COMPUTADORES;0;0;0;0;0;0;0;0;0;0;0;0;0;0;1,99;Reprovado por Nota;2016; 1° Semestre;2;201
134325;Reprovado por Nota;2;21650869;FT08;Engenharia de Materiais;IEC037;INTRODUÇÃO A PROGRAMAÇÃO DE COMPUTADORES;0;0;0;0;0;0;0;0;0;0;0;0;0;0;0,47;Reprovado por Nota;2016; 1° Semestre;2;201
134325;Reprovado por Nota;2;21650067;FT08;Engenharia de Materiais;IEC037;INTRODUÇÃO A PROGRAMAÇÃO DE COMPUTADORES;0;0;0;0;0;0;0;0;0;0;0;0;0;0;4,2;Reprovado por Nota;2016; 1° Semestre;2;201
134325;Reprovado por Freqüência;2;21650867;FT08;Engenharia de Materiais;IEC037;INTRODUÇÃO A PROGRAMAÇÃO DE COMPUTADORES;0;0;0;0;0;0;0;0;0;0;0;0;0;0;1,46;Reprovado por Freqüência;2016; 1° Semestre;3;201
134325;Aprovado;2;21602282;FT08;Engenharia de Materiais;IEC037;INTRODUÇÃO A PROGRAMAÇÃO DE COMPUTADORES;0;0;0;0;0;0;0;0;0;0;0;0;0;0;5,01;Aprovado;2016; 1° Semestre;1;201
134325;Reprovado por Nota;2;21651372;FT08;Engenharia de Materiais;IEC037;INTRODUÇÃO A PROGRAMAÇÃO DE COMPUTADORES;0;0;0;0;0;0;0;0;0;0;0;0;0;0;1,25;Reprovado por Nota;2016; 1° Semestre;2;201
134325;Reprovado por Nota;2;21600831;FT08;Engenharia de Materiais;IEC037;INTRODUÇÃO A PROGRAMAÇÃO DE COMPUTADORES;0;0;0;0;0;0;0;0;0;0;0;0;0;0;3,29;Reprovado por Nota;2016; 1° Semestre;2;201
134325;Reprovado por Freqüência;2;21602285;FT08;Engenharia de Materiais;IEC037;INTRODUÇÃO A PROGRAMAÇÃO DE COMPUTADORES;0;0;0;0;0;0;0;0;0;0;0;0;0;0;0,96;Reprovado por Freqüência;2016; 1° Semestre;3;201
134325;Reprovado por Nota;2;21601219;FT08;Engenharia de Materiais;IEC037;INTRODUÇÃO A PROGRAMAÇÃO DE COMPUTADORES;0;0;0;0;0;0;0;0;0;0;0;0;0;0;2,54;Reprovado por Nota;2016; 1° Semestre;2;201
134325;Reprovado por Nota;2;21601089;FT08;Engenharia de Materiais;IEC037;INTRODUÇÃO A PROGRAMAÇÃO DE COMPUTADORES;0;0;0;0;0;0;0;0;0;0;0;0;0;0;3,16;Reprovado por Nota;2016; 1° Semestre;2;201
134325;Aprovado;2;21456905;FT08;Engenharia de Materiais;IEC037;INTRODUÇÃO A PROGRAMAÇÃO DE COMPUTADORES;0;0;0;0;0;0;0;0;0;0;0;0;0;0;6,38;Aprovado;2016; 1° Semestre;1;201
134325;Reprovado por Nota;2;21602277;FT08;Engenharia de Materiais;IEC037;INTRODUÇÃO A PROGRAMAÇÃO DE COMPUTADORES;0;0;0;0;0;0;0;0;0;0;0;0;0;0;2,58;Reprovado por Nota;2016; 1° Semestre;2;201
134325;Reprovado por Nota;2;21650066;FT08;Engenharia de Materiais;IEC037;INTRODUÇÃO A PROGRAMAÇÃO DE COMPUTADORES;0;0;0;0;0;0;0;0;0;0;0;0;0;0;2,08;Reprovado por Nota;2016; 1° Semestre;2;201
134325;Reprovado por Nota;2;21602283;FT08;Engenharia de Materiais;IEC037;INTRODUÇÃO A PROGRAMAÇÃO DE COMPUTADORES;0;0;0;0;0;0;0;0;0;0;0;0;0;0;3,25;Reprovado por Nota;2016; 1° Semestre;2;201
134325;Reprovado por Freqüência;2;21601488;FT08;Engenharia de Materiais;IEC037;INTRODUÇÃO A PROGRAMAÇÃO DE COMPUTADORES;0;0;0;0;0;0;0;0;0;0;0;0;0;0;0,42;Reprovado por Freqüência;2016; 1° Semestre;3;201
134325;Reprovado por Nota;2;21650614;FT08;Engenharia de Materiais;IEC037;INTRODUÇÃO A PROGRAMAÇÃO DE COMPUTADORES;0;0;0;0;0;0;0;0;0;0;0;0;0;0;2,71;Reprovado por Nota;2016; 1° Semestre;2;201
134325;Reprovado por Nota;2;21602271;FT08;Engenharia de Materiais;IEC037;INTRODUÇÃO A PROGRAMAÇÃO DE COMPUTADORES;0;0;0;0;0;0;0;0;0;0;0;0;0;0;3,93;Reprovado por Nota;2016; 1° Semestre;2;201
134325;Aprovado;2;21601090;FT08;Engenharia de Materiais;IEC037;INTRODUÇÃO A PROGRAMAÇÃO DE COMPUTADORES;0;0;0;0;0;0;0;0;0;0;0;0;0;0;5,15;Aprovado;2016; 1° Semestre;1;201
134325;Aprovado;2;21603485;FT08;Engenharia de Materiais;IEC037;INTRODUÇÃO A PROGRAMAÇÃO DE COMPUTADORES;0;0;0;0;0;0;0;0;0;0;0;0;0;0;5,71;Aprovado;2016; 1° Semestre;1;201
134325;Reprovado por Freqüência;2;21600527;FT08;Engenharia de Materiais;IEC037;INTRODUÇÃO A PROGRAMAÇÃO DE COMPUTADORES;0;0;0;0;0;0;0;0;0;0;0;0;0;0;0;Reprovado por Freqüência;2016; 1° Semestre;3;201
134325;Reprovado por Nota;2;21651436;FT08;Engenharia de Materiais;IEC037;INTRODUÇÃO A PROGRAMAÇÃO DE COMPUTADORES;0;0;0;0;0;0;0;0;0;0;0;0;0;0;1,18;Reprovado por Nota;2016; 1° Semestre;2;201
132941;Reprovado por Nota;3;21650273;FT09;Engenharia Mecânica;IEC037;INTRODUÇÃO A PROGRAMAÇÃO DE COMPUTADORES;0;0;0;0;0;0;0;0;0;0;0;0;0;0;0,01;Reprovado por Nota;2016; 1° Semestre;2;201
132941;Aprovado;3;21601583;FT09;Engenharia Mecânica;IEC037;INTRODUÇÃO A PROGRAMAÇÃO DE COMPUTADORES;0;0;0;0;0;0;0;0;0;0;0;0;0;0;5,8;Aprovado;2016; 1° Semestre;1;201
132941;Reprovado por Freqüência;3;21600519;FT09;Engenharia Mecânica;IEC037;INTRODUÇÃO A PROGRAMAÇÃO DE COMPUTADORES;0;0;0;0;0;0;0;0;0;0;0;0;0;0;0;Reprovado por Freqüência;2016; 1° Semestre;3;201
132941;Aprovado;3;21651425;FT09;Engenharia Mecânica;IEC037;INTRODUÇÃO A PROGRAMAÇÃO DE COMPUTADORES;0;0;0;0;0;0;0;0;0;0;0;0;0;0;5,02;Aprovado;2016; 1° Semestre;1;201
132941;Reprovado por Nota;3;21602286;FT09;Engenharia Mecânica;IEC037;INTRODUÇÃO A PROGRAMAÇÃO DE COMPUTADORES;0;0;0;0;0;0;0;0;0;0;0;0;0;0;3,91;Reprovado por Nota;2016; 1° Semestre;2;201
132941;Reprovado por Nota;3;21602294;FT09;Engenharia Mecânica;IEC037;INTRODUÇÃO A PROGRAMAÇÃO DE COMPUTADORES;0;0;0;0;0;0;0;0;0;0;0;0;0;0;1,59;Reprovado por Nota;2016; 1° Semestre;2;201
132941;Aprovado;3;21602292;FT09;Engenharia Mecânica;IEC037;INTRODUÇÃO A PROGRAMAÇÃO DE COMPUTADORES;0;0;0;0;0;0;0;0;0;0;0;0;0;0;7,93;Aprovado;2016; 1° Semestre;1;201
132941;Aprovado;3;21602288;FT09;Engenharia Mecânica;IEC037;INTRODUÇÃO A PROGRAMAÇÃO DE COMPUTADORES;0;0;0;0;0;0;0;0;0;0;0;0;0;0;6,4;Aprovado;2016; 1° Semestre;1;201
132941;Aprovado;3;21650044;FT09;Engenharia Mecânica;IEC037;INTRODUÇÃO A PROGRAMAÇÃO DE COMPUTADORES;0;0;0;0;0;0;0;0;0;0;0;0;0;0;8,39;Aprovado;2016; 1° Semestre;1;201
132941;Aprovado;3;21603488;FT09;Engenharia Mecânica;IEC037;INTRODUÇÃO A PROGRAMAÇÃO DE COMPUTADORES;0;0;0;0;0;0;0;0;0;0;0;0;0;0;8,93;Aprovado;2016; 1° Semestre;1;201
132941;Aprovado;3;21601582;FT09;Engenharia Mecânica;IEC037;INTRODUÇÃO A PROGRAMAÇÃO DE COMPUTADORES;0;0;0;0;0;0;0;0;0;0;0;0;0;0;8,83;Aprovado;2016; 1° Semestre;1;201
132941;Aprovado;3;21600608;FT09;Engenharia Mecânica;IEC037;INTRODUÇÃO A PROGRAMAÇÃO DE COMPUTADORES;0;0;0;0;0;0;0;0;0;0;0;0;0;0;6,35;Aprovado;2016; 1° Semestre;1;201
132941;Aprovado;3;21600521;FT09;Engenharia Mecânica;IEC037;INTRODUÇÃO A PROGRAMAÇÃO DE COMPUTADORES;0;0;0;0;0;0;0;0;0;0;0;0;0;0;10;Aprovado;2016; 1° Semestre;1;201
132941;Aprovado;3;21650224;FT09;Engenharia Mecânica;IEC037;INTRODUÇÃO A PROGRAMAÇÃO DE COMPUTADORES;0;0;0;0;0;0;0;0;0;0;0;0;0;0;5,6;Aprovado;2016; 1° Semestre;1;201
132941;Aprovado;3;21651349;FT09;Engenharia Mecânica;IEC037;INTRODUÇÃO A PROGRAMAÇÃO DE COMPUTADORES;0;0;0;0;0;0;0;0;0;0;0;0;0;0;5,32;Aprovado;2016; 1° Semestre;1;201
132941;Reprovado por Freqüência;3;21650222;FT09;Engenharia Mecânica;IEC037;INTRODUÇÃO A PROGRAMAÇÃO DE COMPUTADORES;0;0;0;0;0;0;0;0;0;0;0;0;0;0;0;Reprovado por Freqüência;2016; 1° Semestre;3;201
132941;Aprovado;3;21600828;FT09;Engenharia Mecânica;IEC037;INTRODUÇÃO A PROGRAMAÇÃO DE COMPUTADORES;0;0;0;0;0;0;0;0;0;0;0;0;0;0;6,73;Aprovado;2016; 1° Semestre;1;201
132941;Aprovado;3;21602293;FT09;Engenharia Mecânica;IEC037;INTRODUÇÃO A PROGRAMAÇÃO DE COMPUTADORES;0;0;0;0;0;0;0;0;0;0;0;0;0;0;7,61;Aprovado;2016; 1° Semestre;1;201
132941;Reprovado por Nota;3;21651548;FT09;Engenharia Mecânica;IEC037;INTRODUÇÃO A PROGRAMAÇÃO DE COMPUTADORES;0;0;0;0;0;0;0;0;0;0;0;0;0;0;0,48;Reprovado por Nota;2016; 1° Semestre;2;201
132941;Reprovado por Freqüência;3;21600653;FT09;Engenharia Mecânica;IEC037;INTRODUÇÃO A PROGRAMAÇÃO DE COMPUTADORES;0;0;0;0;0;0;0;0;0;0;0;0;0;0;0;Reprovado por Freqüência;2016; 1° Semestre;3;201
132941;Aprovado;3;21601084;FT09;Engenharia Mecânica;IEC037;INTRODUÇÃO A PROGRAMAÇÃO DE COMPUTADORES;0;0;0;0;0;0;0;0;0;0;0;0;0;0;8,07;Aprovado;2016; 1° Semestre;1;201
132941;Aprovado;3;21651445;FT09;Engenharia Mecânica;IEC037;INTRODUÇÃO A PROGRAMAÇÃO DE COMPUTADORES;0;0;0;0;0;0;0;0;0;0;0;0;0;0;5,01;Aprovado;2016; 1° Semestre;1;201
132941;Aprovado;3;21650882;FT09;Engenharia Mecânica;IEC037;INTRODUÇÃO A PROGRAMAÇÃO DE COMPUTADORES;0;0;0;0;0;0;0;0;0;0;0;0;0;0;6,65;Aprovado;2016; 1° Semestre;1;201
132941;Aprovado;3;21650223;FT09;Engenharia Mecânica;IEC037;INTRODUÇÃO A PROGRAMAÇÃO DE COMPUTADORES;0;0;0;0;0;0;0;0;0;0;0;0;0;0;6,82;Aprovado;2016; 1° Semestre;1;201
132941;Aprovado;3;21600523;FT09;Engenharia Mecânica;IEC037;INTRODUÇÃO A PROGRAMAÇÃO DE COMPUTADORES;0;0;0;0;0;0;0;0;0;0;0;0;0;0;8,31;Aprovado;2016; 1° Semestre;1;201
132941;Aprovado;3;21650045;FT09;Engenharia Mecânica;IEC037;INTRODUÇÃO A PROGRAMAÇÃO DE COMPUTADORES;0;0;0;0;0;0;0;0;0;0;0;0;0;0;5,47;Aprovado;2016; 1° Semestre;1;201
132941;Aprovado;3;21650046;FT09;Engenharia Mecânica;IEC037;INTRODUÇÃO A PROGRAMAÇÃO DE COMPUTADORES;0;0;0;0;0;0;0;0;0;0;0;0;0;0;5,17;Aprovado;2016; 1° Semestre;1;201
132941;Reprovado por Nota;3;21650881;FT09;Engenharia Mecânica;IEC037;INTRODUÇÃO A PROGRAMAÇÃO DE COMPUTADORES;0;0;0;0;0;0;0;0;0;0;0;0;0;0;0,23;Reprovado por Nota;2016; 1° Semestre;2;201
132941;Reprovado por Nota;3;21602289;FT09;Engenharia Mecânica;IEC037;INTRODUÇÃO A PROGRAMAÇÃO DE COMPUTADORES;0;0;0;0;0;0;0;0;0;0;0;0;0;0;1,14;Reprovado por Nota;2016; 1° Semestre;2;201
132941;Aprovado;3;21602290;FT09;Engenharia Mecânica;IEC037;INTRODUÇÃO A PROGRAMAÇÃO DE COMPUTADORES;0;0;0;0;0;0;0;0;0;0;0;0;0;0;10;Aprovado;2016; 1° Semestre;1;201
132941;Aprovado;3;21601085;FT09;Engenharia Mecânica;IEC037;INTRODUÇÃO A PROGRAMAÇÃO DE COMPUTADORES;0;0;0;0;0;0;0;0;0;0;0;0;0;0;5,4;Aprovado;2016; 1° Semestre;1;201
132941;Reprovado por Nota;3;21603489;FT09;Engenharia Mecânica;IEC037;INTRODUÇÃO A PROGRAMAÇÃO DE COMPUTADORES;0;0;0;0;0;0;0;0;0;0;0;0;0;0;1,94;Reprovado por Nota;2016; 1° Semestre;2;201
132941;Reprovado por Nota;3;21650206;FT09;Engenharia Mecânica;IEC037;INTRODUÇÃO A PROGRAMAÇÃO DE COMPUTADORES;0;0;0;0;0;0;0;0;0;0;0;0;0;0;4,3;Reprovado por Nota;2016; 1° Semestre;2;201
132941;Aprovado;3;21600524;FT09;Engenharia Mecânica;IEC037;INTRODUÇÃO A PROGRAMAÇÃO DE COMPUTADORES;0;0;0;0;0;0;0;0;0;0;0;0;0;0;8,67;Aprovado;2016; 1° Semestre;1;201
132941;Reprovado por Nota;3;21650883;FT09;Engenharia Mecânica;IEC037;INTRODUÇÃO A PROGRAMAÇÃO DE COMPUTADORES;0;0;0;0;0;0;0;0;0;0;0;0;0;0;0,33;Reprovado por Nota;2016; 1° Semestre;2;201
132941;Reprovado por Nota;3;21651549;FT09;Engenharia Mecânica;IEC037;INTRODUÇÃO A PROGRAMAÇÃO DE COMPUTADORES;0;0;0;0;0;0;0;0;0;0;0;0;0;0;0,4;Reprovado por Nota;2016; 1° Semestre;2;201
132941;Aprovado;3;21601086;FT09;Engenharia Mecânica;IEC037;INTRODUÇÃO A PROGRAMAÇÃO DE COMPUTADORES;0;0;0;0;0;0;0;0;0;0;0;0;0;0;7,95;Aprovado;2016; 1° Semestre;1;201
132941;Aprovado;3;21600525;FT09;Engenharia Mecânica;IEC037;INTRODUÇÃO A PROGRAMAÇÃO DE COMPUTADORES;0;0;0;0;0;0;0;0;0;0;0;0;0;0;9;Aprovado;2016; 1° Semestre;1;201
132941;Aprovado;3;21600829;FT09;Engenharia Mecânica;IEC037;INTRODUÇÃO A PROGRAMAÇÃO DE COMPUTADORES;0;0;0;0;0;0;0;0;0;0;0;0;0;0;6,19;Aprovado;2016; 1° Semestre;1;201
132941;Reprovado por Nota;3;21601149;FT09;Engenharia Mecânica;IEC037;INTRODUÇÃO A PROGRAMAÇÃO DE COMPUTADORES;0;0;0;0;0;0;0;0;0;0;0;0;0;0;3,62;Reprovado por Nota;2016; 1° Semestre;2;201
132941;Aprovado;3;21650047;FT09;Engenharia Mecânica;IEC037;INTRODUÇÃO A PROGRAMAÇÃO DE COMPUTADORES;0;0;0;0;0;0;0;0;0;0;0;0;0;0;5,39;Aprovado;2016; 1° Semestre;1;201
132941;Aprovado;3;21602287;FT09;Engenharia Mecânica;IEC037;INTRODUÇÃO A PROGRAMAÇÃO DE COMPUTADORES;0;0;0;0;0;0;0;0;0;0;0;0;0;0;6,05;Aprovado;2016; 1° Semestre;1;201
132941;Aprovado;3;21650043;FT09;Engenharia Mecânica;IEC037;INTRODUÇÃO A PROGRAMAÇÃO DE COMPUTADORES;0;0;0;0;0;0;0;0;0;0;0;0;0;0;6,87;Aprovado;2016; 1° Semestre;1;201
132941;Reprovado por Nota;3;21602291;FT09;Engenharia Mecânica;IEC037;INTRODUÇÃO A PROGRAMAÇÃO DE COMPUTADORES;0;0;0;0;0;0;0;0;0;0;0;0;0;0;3,28;Reprovado por Nota;2016; 1° Semestre;2;201
132940;Aprovado;503;21555121;FT09;Engenharia Mecânica;IEC037;INTRODUÇÃO A PROGRAMAÇÃO DE COMPUTADORES;0;0;0;0;0;0;0;0;0;0;0;0;0;0;5,01;Aprovado;2016; 1° Semestre;1;201
132940;Trancado;503;21550019;FT09;Engenharia Mecânica;IEC037;INTRODUÇÃO A PROGRAMAÇÃO DE COMPUTADORES;0;0;0;0;0;0;0;0;0;0;0;0;0;0;0;Trancado;2016; 1° Semestre;5;201
132940;Aprovado;503;21551372;FT09;Engenharia Mecânica;IEC037;INTRODUÇÃO A PROGRAMAÇÃO DE COMPUTADORES;0;0;0;0;0;0;0;0;0;0;0;0;0;0;6,44;Aprovado;2016; 1° Semestre;1;201
132940;Reprovado por Nota;503;21454698;FT09;Engenharia Mecânica;IEC037;INTRODUÇÃO A PROGRAMAÇÃO DE COMPUTADORES;0;0;0;0;0;0;0;0;0;0;0;0;0;0;2,59;Reprovado por Nota;2016; 1° Semestre;2;201
132940;Reprovado por Nota;503;21458027;FT09;Engenharia Mecânica;IEC037;INTRODUÇÃO A PROGRAMAÇÃO DE COMPUTADORES;0;0;0;0;0;0;0;0;0;0;0;0;0;0;0;Reprovado por Nota;2016; 1° Semestre;2;201
132940;Trancado;503;21552154;FT09;Engenharia Mecânica;IEC037;INTRODUÇÃO A PROGRAMAÇÃO DE COMPUTADORES;0;0;0;0;0;0;0;0;0;0;0;0;0;0;0;Trancado;2016; 1° Semestre;5;201
132940;Trancado;503;21106535;FT09;Engenharia Mecânica;IEC037;INTRODUÇÃO A PROGRAMAÇÃO DE COMPUTADORES;0;0;0;0;0;0;0;0;0;0;0;0;0;0;0;Trancado;2016; 1° Semestre;5;201
132940;Trancado;503;21101438;FT09;Engenharia Mecânica;IEC037;INTRODUÇÃO A PROGRAMAÇÃO DE COMPUTADORES;0;0;0;0;0;0;0;0;0;0;0;0;0;0;0;Trancado;2016; 1° Semestre;5;201
132940;Reprovado por Freqüência;503;21552458;FT09;Engenharia Mecânica;IEC037;INTRODUÇÃO A PROGRAMAÇÃO DE COMPUTADORES;0;0;0;0;0;0;0;0;0;0;0;0;0;0;0;Reprovado por Freqüência;2016; 1° Semestre;3;201
132940;Reprovado por Freqüência;503;21550250;FT09;Engenharia Mecânica;IEC037;INTRODUÇÃO A PROGRAMAÇÃO DE COMPUTADORES;0;0;0;0;0;0;0;0;0;0;0;0;0;0;0;Reprovado por Freqüência;2016; 1° Semestre;3;201
137203;Aprovado;1;21602314;FT11;Engenharia de Petróleo e Gás;IEC037;INTRODUÇÃO A PROGRAMAÇÃO DE COMPUTADORES;0;0;0;0;0;0;0;0;0;0;0;0;0;0;7,42;Aprovado;2016; 1° Semestre;1;201
137203;Aprovado;1;21601210;FT11;Engenharia de Petróleo e Gás;IEC037;INTRODUÇÃO A PROGRAMAÇÃO DE COMPUTADORES;0;0;0;0;0;0;0;0;0;0;0;0;0;0;7,49;Aprovado;2016; 1° Semestre;1;201
137203;Aprovado;1;21602323;FT11;Engenharia de Petróleo e Gás;IEC037;INTRODUÇÃO A PROGRAMAÇÃO DE COMPUTADORES;0;0;0;0;0;0;0;0;0;0;0;0;0;0;5,74;Aprovado;2016; 1° Semestre;1;201
137203;Aprovado;1;21602321;FT11;Engenharia de Petróleo e Gás;IEC037;INTRODUÇÃO A PROGRAMAÇÃO DE COMPUTADORES;0;0;0;0;0;0;0;0;0;0;0;0;0;0;8,27;Aprovado;2016; 1° Semestre;1;201
137203;Reprovado por Nota;1;21651575;FT11;Engenharia de Petróleo e Gás;IEC037;INTRODUÇÃO A PROGRAMAÇÃO DE COMPUTADORES;0;0;0;0;0;0;0;0;0;0;0;0;0;0;0;Reprovado por Nota;2016; 1° Semestre;2;201
137203;Aprovado;1;21651371;FT11;Engenharia de Petróleo e Gás;IEC037;INTRODUÇÃO A PROGRAMAÇÃO DE COMPUTADORES;0;0;0;0;0;0;0;0;0;0;0;0;0;0;6,13;Aprovado;2016; 1° Semestre;1;201
137203;Aprovado;1;21602316;FT11;Engenharia de Petróleo e Gás;IEC037;INTRODUÇÃO A PROGRAMAÇÃO DE COMPUTADORES;0;0;0;0;0;0;0;0;0;0;0;0;0;0;7,04;Aprovado;2016; 1° Semestre;1;201
137203;Aprovado;1;21601486;FT11;Engenharia de Petróleo e Gás;IEC037;INTRODUÇÃO A PROGRAMAÇÃO DE COMPUTADORES;0;0;0;0;0;0;0;0;0;0;0;0;0;0;5,75;Aprovado;2016; 1° Semestre;1;201
137203;Reprovado por Nota;1;21650338;FT11;Engenharia de Petróleo e Gás;IEC037;INTRODUÇÃO A PROGRAMAÇÃO DE COMPUTADORES;0;0;0;0;0;0;0;0;0;0;0;0;0;0;0;Reprovado por Nota;2016; 1° Semestre;2;201
137203;Reprovado por Nota;1;21650061;FT11;Engenharia de Petróleo e Gás;IEC037;INTRODUÇÃO A PROGRAMAÇÃO DE COMPUTADORES;0;0;0;0;0;0;0;0;0;0;0;0;0;0;0;Reprovado por Nota;2016; 1° Semestre;2;201
137203;Reprovado por Nota;1;21650337;FT11;Engenharia de Petróleo e Gás;IEC037;INTRODUÇÃO A PROGRAMAÇÃO DE COMPUTADORES;0;0;0;0;0;0;0;0;0;0;0;0;0;0;0,12;Reprovado por Nota;2016; 1° Semestre;2;201
137203;Aprovado;1;21602324;FT11;Engenharia de Petróleo e Gás;IEC037;INTRODUÇÃO A PROGRAMAÇÃO DE COMPUTADORES;0;0;0;0;0;0;0;0;0;0;0;0;0;0;6,5;Aprovado;2016; 1° Semestre;1;201
137203;Aprovado;1;21602317;FT11;Engenharia de Petróleo e Gás;IEC037;INTRODUÇÃO A PROGRAMAÇÃO DE COMPUTADORES;0;0;0;0;0;0;0;0;0;0;0;0;0;0;6,77;Aprovado;2016; 1° Semestre;1;201
137203;Aprovado;1;21602313;FT11;Engenharia de Petróleo e Gás;IEC037;INTRODUÇÃO A PROGRAMAÇÃO DE COMPUTADORES;0;0;0;0;0;0;0;0;0;0;0;0;0;0;7,11;Aprovado;2016; 1° Semestre;1;201
137203;Aprovado;1;21601214;FT11;Engenharia de Petróleo e Gás;IEC037;INTRODUÇÃO A PROGRAMAÇÃO DE COMPUTADORES;0;0;0;0;0;0;0;0;0;0;0;0;0;0;5,89;Aprovado;2016; 1° Semestre;1;201
137203;Aprovado;1;21600840;FT11;Engenharia de Petróleo e Gás;IEC037;INTRODUÇÃO A PROGRAMAÇÃO DE COMPUTADORES;0;0;0;0;0;0;0;0;0;0;0;0;0;0;5,49;Aprovado;2016; 1° Semestre;1;201
137203;Aprovado;1;21601212;FT11;Engenharia de Petróleo e Gás;IEC037;INTRODUÇÃO A PROGRAMAÇÃO DE COMPUTADORES;0;0;0;0;0;0;0;0;0;0;0;0;0;0;7,47;Aprovado;2016; 1° Semestre;1;201
137203;Aprovado;1;21602320;FT11;Engenharia de Petróleo e Gás;IEC037;INTRODUÇÃO A PROGRAMAÇÃO DE COMPUTADORES;0;0;0;0;0;0;0;0;0;0;0;0;0;0;7,63;Aprovado;2016; 1° Semestre;1;201
137203;Aprovado;1;21601100;FT11;Engenharia de Petróleo e Gás;IEC037;INTRODUÇÃO A PROGRAMAÇÃO DE COMPUTADORES;0;0;0;0;0;0;0;0;0;0;0;0;0;0;6,03;Aprovado;2016; 1° Semestre;1;201
137203;Reprovado por Nota;1;21650064;FT11;Engenharia de Petróleo e Gás;IEC037;INTRODUÇÃO A PROGRAMAÇÃO DE COMPUTADORES;0;0;0;0;0;0;0;0;0;0;0;0;0;0;0,39;Reprovado por Nota;2016; 1° Semestre;2;201
137203;Aprovado;1;21602322;FT11;Engenharia de Petróleo e Gás;IEC037;INTRODUÇÃO A PROGRAMAÇÃO DE COMPUTADORES;0;0;0;0;0;0;0;0;0;0;0;0;0;0;6,1;Aprovado;2016; 1° Semestre;1;201
137203;Aprovado;1;21554014;FT11;Engenharia de Petróleo e Gás;IEC037;INTRODUÇÃO A PROGRAMAÇÃO DE COMPUTADORES;0;0;0;0;0;0;0;0;0;0;0;0;0;0;5,88;Aprovado;2016; 1° Semestre;1;201
137203;Aprovado;1;21603633;FT11;Engenharia de Petróleo e Gás;IEC037;INTRODUÇÃO A PROGRAMAÇÃO DE COMPUTADORES;0;0;0;0;0;0;0;0;0;0;0;0;0;0;5;Aprovado;2016; 1° Semestre;1;201
137203;Aprovado;1;21601573;FT11;Engenharia de Petróleo e Gás;IEC037;INTRODUÇÃO A PROGRAMAÇÃO DE COMPUTADORES;0;0;0;0;0;0;0;0;0;0;0;0;0;0;5,68;Aprovado;2016; 1° Semestre;1;201
137203;Reprovado por Nota;1;21651589;FT11;Engenharia de Petróleo e Gás;IEC037;INTRODUÇÃO A PROGRAMAÇÃO DE COMPUTADORES;0;0;0;0;0;0;0;0;0;0;0;0;0;0;0;Reprovado por Nota;2016; 1° Semestre;2;201
137203;Aprovado;1;21650874;FT11;Engenharia de Petróleo e Gás;IEC037;INTRODUÇÃO A PROGRAMAÇÃO DE COMPUTADORES;0;0;0;0;0;0;0;0;0;0;0;0;0;0;8,7;Aprovado;2016; 1° Semestre;1;201
137203;Aprovado;1;21602318;FT11;Engenharia de Petróleo e Gás;IEC037;INTRODUÇÃO A PROGRAMAÇÃO DE COMPUTADORES;0;0;0;0;0;0;0;0;0;0;0;0;0;0;7,12;Aprovado;2016; 1° Semestre;1;201
137203;Aprovado;1;21602326;FT11;Engenharia de Petróleo e Gás;IEC037;INTRODUÇÃO A PROGRAMAÇÃO DE COMPUTADORES;0;0;0;0;0;0;0;0;0;0;0;0;0;0;8,11;Aprovado;2016; 1° Semestre;1;201
137203;Aprovado;1;21650872;FT11;Engenharia de Petróleo e Gás;IEC037;INTRODUÇÃO A PROGRAMAÇÃO DE COMPUTADORES;0;0;0;0;0;0;0;0;0;0;0;0;0;0;8,19;Aprovado;2016; 1° Semestre;1;201
137203;Reprovado por Nota;1;21601213;FT11;Engenharia de Petróleo e Gás;IEC037;INTRODUÇÃO A PROGRAMAÇÃO DE COMPUTADORES;0;0;0;0;0;0;0;0;0;0;0;0;0;0;0;Reprovado por Nota;2016; 1° Semestre;2;201
137203;Aprovado;1;21600841;FT11;Engenharia de Petróleo e Gás;IEC037;INTRODUÇÃO A PROGRAMAÇÃO DE COMPUTADORES;0;0;0;0;0;0;0;0;0;0;0;0;0;0;7,52;Aprovado;2016; 1° Semestre;1;201
137203;Aprovado;1;21601411;FT11;Engenharia de Petróleo e Gás;IEC037;INTRODUÇÃO A PROGRAMAÇÃO DE COMPUTADORES;0;0;0;0;0;0;0;0;0;0;0;0;0;0;6,95;Aprovado;2016; 1° Semestre;1;201
137203;Aprovado;1;21650875;FT11;Engenharia de Petróleo e Gás;IEC037;INTRODUÇÃO A PROGRAMAÇÃO DE COMPUTADORES;0;0;0;0;0;0;0;0;0;0;0;0;0;0;6,92;Aprovado;2016; 1° Semestre;1;201
137203;Aprovado;1;21600842;FT11;Engenharia de Petróleo e Gás;IEC037;INTRODUÇÃO A PROGRAMAÇÃO DE COMPUTADORES;0;0;0;0;0;0;0;0;0;0;0;0;0;0;6,73;Aprovado;2016; 1° Semestre;1;201
137203;Aprovado;1;21602315;FT11;Engenharia de Petróleo e Gás;IEC037;INTRODUÇÃO A PROGRAMAÇÃO DE COMPUTADORES;0;0;0;0;0;0;0;0;0;0;0;0;0;0;5,86;Aprovado;2016; 1° Semestre;1;201
137203;Reprovado por Nota;1;21650616;FT11;Engenharia de Petróleo e Gás;IEC037;INTRODUÇÃO A PROGRAMAÇÃO DE COMPUTADORES;0;0;0;0;0;0;0;0;0;0;0;0;0;0;0;Reprovado por Nota;2016; 1° Semestre;2;201
137203;Aprovado;1;21650063;FT11;Engenharia de Petróleo e Gás;IEC037;INTRODUÇÃO A PROGRAMAÇÃO DE COMPUTADORES;0;0;0;0;0;0;0;0;0;0;0;0;0;0;5,88;Aprovado;2016; 1° Semestre;1;201
137203;Aprovado;1;21650876;FT11;Engenharia de Petróleo e Gás;IEC037;INTRODUÇÃO A PROGRAMAÇÃO DE COMPUTADORES;0;0;0;0;0;0;0;0;0;0;0;0;0;0;6,67;Aprovado;2016; 1° Semestre;1;201
137203;Aprovado;1;21602325;FT11;Engenharia de Petróleo e Gás;IEC037;INTRODUÇÃO A PROGRAMAÇÃO DE COMPUTADORES;0;0;0;0;0;0;0;0;0;0;0;0;0;0;7,71;Aprovado;2016; 1° Semestre;1;201
137203;Aprovado;1;21651558;FT11;Engenharia de Petróleo e Gás;IEC037;INTRODUÇÃO A PROGRAMAÇÃO DE COMPUTADORES;0;0;0;0;0;0;0;0;0;0;0;0;0;0;6,21;Aprovado;2016; 1° Semestre;1;201
137203;Aprovado;1;21651423;FT11;Engenharia de Petróleo e Gás;IEC037;INTRODUÇÃO A PROGRAMAÇÃO DE COMPUTADORES;0;0;0;0;0;0;0;0;0;0;0;0;0;0;5,34;Aprovado;2016; 1° Semestre;1;201
137203;Reprovado por Nota;1;21602319;FT11;Engenharia de Petróleo e Gás;IEC037;INTRODUÇÃO A PROGRAMAÇÃO DE COMPUTADORES;0;0;0;0;0;0;0;0;0;0;0;0;0;0;1,98;Reprovado por Nota;2016; 1° Semestre;2;201
137203;Reprovado por Nota;1;21650062;FT11;Engenharia de Petróleo e Gás;IEC037;INTRODUÇÃO A PROGRAMAÇÃO DE COMPUTADORES;0;0;0;0;0;0;0;0;0;0;0;0;0;0;1,32;Reprovado por Nota;2016; 1° Semestre;2;201
137203;Aprovado;1;21650871;FT11;Engenharia de Petróleo e Gás;IEC037;INTRODUÇÃO A PROGRAMAÇÃO DE COMPUTADORES;0;0;0;0;0;0;0;0;0;0;0;0;0;0;5,54;Aprovado;2016; 1° Semestre;1;201
137203;Aprovado;1;21601211;FT11;Engenharia de Petróleo e Gás;IEC037;INTRODUÇÃO A PROGRAMAÇÃO DE COMPUTADORES;0;0;0;0;0;0;0;0;0;0;0;0;0;0;7,63;Aprovado;2016; 1° Semestre;1;201
137203;Aprovado;1;21650615;FT11;Engenharia de Petróleo e Gás;IEC037;INTRODUÇÃO A PROGRAMAÇÃO DE COMPUTADORES;0;0;0;0;0;0;0;0;0;0;0;0;0;0;6,77;Aprovado;2016; 1° Semestre;1;201
137203;Aprovado;1;21553940;FT11;Engenharia de Petróleo e Gás;IEC037;INTRODUÇÃO A PROGRAMAÇÃO DE COMPUTADORES;0;0;0;0;0;0;0;0;0;0;0;0;0;0;5,51;Aprovado;2016; 1° Semestre;1;201
137203;Reprovado por Nota;1;21650873;FT11;Engenharia de Petróleo e Gás;IEC037;INTRODUÇÃO A PROGRAMAÇÃO DE COMPUTADORES;0;0;0;0;0;0;0;0;0;0;0;0;0;0;0;Reprovado por Nota;2016; 1° Semestre;2;201
136402;Reprovado por Nota;4;21603561;FT12;Engenharia Química;IEC037;INTRODUÇÃO A PROGRAMAÇÃO DE COMPUTADORES;0;0;0;0;0;0;0;0;0;0;0;0;0;0;1,53;Reprovado por Nota;2016; 1° Semestre;2;201
136402;Reprovado por Nota;4;21650270;FT12;Engenharia Química;IEC037;INTRODUÇÃO A PROGRAMAÇÃO DE COMPUTADORES;0;0;0;0;0;0;0;0;0;0;0;0;0;0;0,76;Reprovado por Nota;2016; 1° Semestre;2;201
136402;Aprovado;4;21650884;FT12;Engenharia Química;IEC037;INTRODUÇÃO A PROGRAMAÇÃO DE COMPUTADORES;0;0;0;0;0;0;0;0;0;0;0;0;0;0;9,32;Aprovado;2016; 1° Semestre;1;201
136402;Aprovado;4;21600544;FT12;Engenharia Química;IEC037;INTRODUÇÃO A PROGRAMAÇÃO DE COMPUTADORES;0;0;0;0;0;0;0;0;0;0;0;0;0;0;6,89;Aprovado;2016; 1° Semestre;1;201
136402;Aprovado;4;21650042;FT12;Engenharia Química;IEC037;INTRODUÇÃO A PROGRAMAÇÃO DE COMPUTADORES;0;0;0;0;0;0;0;0;0;0;0;0;0;0;6,6;Aprovado;2016; 1° Semestre;1;201
136402;Reprovado por Freqüência;4;21603639;FT12;Engenharia Química;IEC037;INTRODUÇÃO A PROGRAMAÇÃO DE COMPUTADORES;0;0;0;0;0;0;0;0;0;0;0;0;0;0;0;Reprovado por Freqüência;2016; 1° Semestre;3;201
136402;Aprovado;4;21602338;FT12;Engenharia Química;IEC037;INTRODUÇÃO A PROGRAMAÇÃO DE COMPUTADORES;0;0;0;0;0;0;0;0;0;0;0;0;0;0;6,59;Aprovado;2016; 1° Semestre;1;201
136402;Reprovado por Freqüência;4;21600545;FT12;Engenharia Química;IEC037;INTRODUÇÃO A PROGRAMAÇÃO DE COMPUTADORES;0;0;0;0;0;0;0;0;0;0;0;0;0;0;0;Reprovado por Freqüência;2016; 1° Semestre;3;201
136402;Reprovado por Nota;4;21602332;FT12;Engenharia Química;IEC037;INTRODUÇÃO A PROGRAMAÇÃO DE COMPUTADORES;0;0;0;0;0;0;0;0;0;0;0;0;0;0;4,63;Reprovado por Nota;2016; 1° Semestre;2;201
136402;Aprovado;4;21602340;FT12;Engenharia Química;IEC037;INTRODUÇÃO A PROGRAMAÇÃO DE COMPUTADORES;0;0;0;0;0;0;0;0;0;0;0;0;0;0;5,91;Aprovado;2016; 1° Semestre;1;201
136402;Aprovado;4;21601146;FT12;Engenharia Química;IEC037;INTRODUÇÃO A PROGRAMAÇÃO DE COMPUTADORES;0;0;0;0;0;0;0;0;0;0;0;0;0;0;5,59;Aprovado;2016; 1° Semestre;1;201
136402;Aprovado;4;21601584;FT12;Engenharia Química;IEC037;INTRODUÇÃO A PROGRAMAÇÃO DE COMPUTADORES;0;0;0;0;0;0;0;0;0;0;0;0;0;0;7,37;Aprovado;2016; 1° Semestre;1;201
136402;Reprovado por Nota;4;21650885;FT12;Engenharia Química;IEC037;INTRODUÇÃO A PROGRAMAÇÃO DE COMPUTADORES;0;0;0;0;0;0;0;0;0;0;0;0;0;0;4,06;Reprovado por Nota;2016; 1° Semestre;2;201
136402;Reprovado por Nota;4;21602331;FT12;Engenharia Química;IEC037;INTRODUÇÃO A PROGRAMAÇÃO DE COMPUTADORES;0;0;0;0;0;0;0;0;0;0;0;0;0;0;0,55;Reprovado por Nota;2016; 1° Semestre;2;201
136402;Reprovado por Freqüência;4;21600843;FT12;Engenharia Química;IEC037;INTRODUÇÃO A PROGRAMAÇÃO DE COMPUTADORES;0;0;0;0;0;0;0;0;0;0;0;0;0;0;0,02;Reprovado por Freqüência;2016; 1° Semestre;3;201
136402;Aprovado;4;21601585;FT12;Engenharia Química;IEC037;INTRODUÇÃO A PROGRAMAÇÃO DE COMPUTADORES;0;0;0;0;0;0;0;0;0;0;0;0;0;0;6,82;Aprovado;2016; 1° Semestre;1;201
136402;Aprovado;4;21600613;FT12;Engenharia Química;IEC037;INTRODUÇÃO A PROGRAMAÇÃO DE COMPUTADORES;0;0;0;0;0;0;0;0;0;0;0;0;0;0;6,88;Aprovado;2016; 1° Semestre;1;201
136402;Aprovado;4;21602329;FT12;Engenharia Química;IEC037;INTRODUÇÃO A PROGRAMAÇÃO DE COMPUTADORES;0;0;0;0;0;0;0;0;0;0;0;0;0;0;5,67;Aprovado;2016; 1° Semestre;1;201
136402;Aprovado;4;21600546;FT12;Engenharia Química;IEC037;INTRODUÇÃO A PROGRAMAÇÃO DE COMPUTADORES;0;0;0;0;0;0;0;0;0;0;0;0;0;0;8,25;Aprovado;2016; 1° Semestre;1;201
136402;Aprovado;4;21602336;FT12;Engenharia Química;IEC037;INTRODUÇÃO A PROGRAMAÇÃO DE COMPUTADORES;0;0;0;0;0;0;0;0;0;0;0;0;0;0;7,03;Aprovado;2016; 1° Semestre;1;201
136402;Aprovado;4;21602335;FT12;Engenharia Química;IEC037;INTRODUÇÃO A PROGRAMAÇÃO DE COMPUTADORES;0;0;0;0;0;0;0;0;0;0;0;0;0;0;7,51;Aprovado;2016; 1° Semestre;1;201
136402;Reprovado por Nota;4;21600844;FT12;Engenharia Química;IEC037;INTRODUÇÃO A PROGRAMAÇÃO DE COMPUTADORES;0;0;0;0;0;0;0;0;0;0;0;0;0;0;1,05;Reprovado por Nota;2016; 1° Semestre;2;201
136402;Aprovado;4;21650205;FT12;Engenharia Química;IEC037;INTRODUÇÃO A PROGRAMAÇÃO DE COMPUTADORES;0;0;0;0;0;0;0;0;0;0;0;0;0;0;5,73;Aprovado;2016; 1° Semestre;1;201
136402;Aprovado;4;21602339;FT12;Engenharia Química;IEC037;INTRODUÇÃO A PROGRAMAÇÃO DE COMPUTADORES;0;0;0;0;0;0;0;0;0;0;0;0;0;0;6,93;Aprovado;2016; 1° Semestre;1;201
136402;Aprovado;4;21602327;FT12;Engenharia Química;IEC037;INTRODUÇÃO A PROGRAMAÇÃO DE COMPUTADORES;0;0;0;0;0;0;0;0;0;0;0;0;0;0;9,42;Aprovado;2016; 1° Semestre;1;201
136402;Aprovado;4;21601436;FT12;Engenharia Química;IEC037;INTRODUÇÃO A PROGRAMAÇÃO DE COMPUTADORES;0;0;0;0;0;0;0;0;0;0;0;0;0;0;6,04;Aprovado;2016; 1° Semestre;1;201
136402;Aprovado;4;21601147;FT12;Engenharia Química;IEC037;INTRODUÇÃO A PROGRAMAÇÃO DE COMPUTADORES;0;0;0;0;0;0;0;0;0;0;0;0;0;0;7,13;Aprovado;2016; 1° Semestre;1;201
136402;Aprovado;4;21602337;FT12;Engenharia Química;IEC037;INTRODUÇÃO A PROGRAMAÇÃO DE COMPUTADORES;0;0;0;0;0;0;0;0;0;0;0;0;0;0;9,34;Aprovado;2016; 1° Semestre;1;201
136402;Reprovado por Freqüência;4;21602334;FT12;Engenharia Química;IEC037;INTRODUÇÃO A PROGRAMAÇÃO DE COMPUTADORES;0;0;0;0;0;0;0;0;0;0;0;0;0;0;0,53;Reprovado por Freqüência;2016; 1° Semestre;3;201
136402;Aprovado;4;21602344;FT12;Engenharia Química;IEC037;INTRODUÇÃO A PROGRAMAÇÃO DE COMPUTADORES;0;0;0;0;0;0;0;0;0;0;0;0;0;0;5,53;Aprovado;2016; 1° Semestre;1;201
136402;Aprovado;4;21602341;FT12;Engenharia Química;IEC037;INTRODUÇÃO A PROGRAMAÇÃO DE COMPUTADORES;0;0;0;0;0;0;0;0;0;0;0;0;0;0;7,67;Aprovado;2016; 1° Semestre;1;201
136402;Aprovado;4;21602330;FT12;Engenharia Química;IEC037;INTRODUÇÃO A PROGRAMAÇÃO DE COMPUTADORES;0;0;0;0;0;0;0;0;0;0;0;0;0;0;8,56;Aprovado;2016; 1° Semestre;1;201
136402;Aprovado;4;21600845;FT12;Engenharia Química;IEC037;INTRODUÇÃO A PROGRAMAÇÃO DE COMPUTADORES;0;0;0;0;0;0;0;0;0;0;0;0;0;0;7,21;Aprovado;2016; 1° Semestre;1;201
136402;Reprovado por Freqüência;4;21600548;FT12;Engenharia Química;IEC037;INTRODUÇÃO A PROGRAMAÇÃO DE COMPUTADORES;0;0;0;0;0;0;0;0;0;0;0;0;0;0;0;Reprovado por Freqüência;2016; 1° Semestre;3;201
136402;Reprovado por Nota;4;21602333;FT12;Engenharia Química;IEC037;INTRODUÇÃO A PROGRAMAÇÃO DE COMPUTADORES;0;0;0;0;0;0;0;0;0;0;0;0;0;0;3,06;Reprovado por Nota;2016; 1° Semestre;2;201
136402;Aprovado;4;21650221;FT12;Engenharia Química;IEC037;INTRODUÇÃO A PROGRAMAÇÃO DE COMPUTADORES;0;0;0;0;0;0;0;0;0;0;0;0;0;0;5,14;Aprovado;2016; 1° Semestre;1;201
136402;Reprovado por Freqüência;4;21602328;FT12;Engenharia Química;IEC037;INTRODUÇÃO A PROGRAMAÇÃO DE COMPUTADORES;0;0;0;0;0;0;0;0;0;0;0;0;0;0;1,07;Reprovado por Freqüência;2016; 1° Semestre;3;201
136402;Reprovado por Freqüência;4;21650621;FT12;Engenharia Química;IEC037;INTRODUÇÃO A PROGRAMAÇÃO DE COMPUTADORES;0;0;0;0;0;0;0;0;0;0;0;0;0;0;1,03;Reprovado por Freqüência;2016; 1° Semestre;3;201
136402;Aprovado;4;21602342;FT12;Engenharia Química;IEC037;INTRODUÇÃO A PROGRAMAÇÃO DE COMPUTADORES;0;0;0;0;0;0;0;0;0;0;0;0;0;0;8,21;Aprovado;2016; 1° Semestre;1;201
136402;Aprovado;4;21600549;FT12;Engenharia Química;IEC037;INTRODUÇÃO A PROGRAMAÇÃO DE COMPUTADORES;0;0;0;0;0;0;0;0;0;0;0;0;0;0;6,33;Aprovado;2016; 1° Semestre;1;201
136402;Reprovado por Nota;4;21602343;FT12;Engenharia Química;IEC037;INTRODUÇÃO A PROGRAMAÇÃO DE COMPUTADORES;0;0;0;0;0;0;0;0;0;0;0;0;0;0;3,89;Reprovado por Nota;2016; 1° Semestre;2;201
136402;Aprovado;4;21601103;FT12;Engenharia Química;IEC037;INTRODUÇÃO A PROGRAMAÇÃO DE COMPUTADORES;0;0;0;0;0;0;0;0;0;0;0;0;0;0;6,19;Aprovado;2016; 1° Semestre;1;201
136402;Reprovado por Freqüência;4;21651369;FT12;Engenharia Química;IEC037;INTRODUÇÃO A PROGRAMAÇÃO DE COMPUTADORES;0;0;0;0;0;0;0;0;0;0;0;0;0;0;0,63;Reprovado por Freqüência;2016; 1° Semestre;3;201
136402;Aprovado;4;21600847;FT12;Engenharia Química;IEC037;INTRODUÇÃO A PROGRAMAÇÃO DE COMPUTADORES;0;0;0;0;0;0;0;0;0;0;0;0;0;0;6,01;Aprovado;2016; 1° Semestre;1;201
136402;Reprovado por Freqüência;4;21651370;FT12;Engenharia Química;IEC037;INTRODUÇÃO A PROGRAMAÇÃO DE COMPUTADORES;0;0;0;0;0;0;0;0;0;0;0;0;0;0;0;Reprovado por Freqüência;2016; 1° Semestre;3;201
136402;Aprovado;4;21600848;FT12;Engenharia Química;IEC037;INTRODUÇÃO A PROGRAMAÇÃO DE COMPUTADORES;0;0;0;0;0;0;0;0;0;0;0;0;0;0;5;Aprovado;2016; 1° Semestre;1;201
136402;Reprovado por Nota;4;21650271;FT12;Engenharia Química;IEC037;INTRODUÇÃO A PROGRAMAÇÃO DE COMPUTADORES;0;0;0;0;0;0;0;0;0;0;0;0;0;0;4,57;Reprovado por Nota;2016; 1° Semestre;2;201
135847;Reprovado por Nota;EB01;21650366;IE01;Estatística;IEC037;INTRODUÇÃO A PROGRAMAÇÃO DE COMPUTADORES;0;0;0;0;0;0;0;0;0;0;0;0;0;0;1,17;Reprovado por Nota;2016; 1° Semestre;2;201
135847;Aprovado;EB01;21650637;IE01;Estatística;IEC037;INTRODUÇÃO A PROGRAMAÇÃO DE COMPUTADORES;0;0;0;0;0;0;0;0;0;0;0;0;0;0;7,09;Aprovado;2016; 1° Semestre;1;201
135847;Reprovado por Nota;EB01;21650901;IE01;Estatística;IEC037;INTRODUÇÃO A PROGRAMAÇÃO DE COMPUTADORES;0;0;0;0;0;0;0;0;0;0;0;0;0;0;4,16;Reprovado por Nota;2016; 1° Semestre;2;201
135847;Reprovado por Nota;EB01;21602580;IE01;Estatística;IEC037;INTRODUÇÃO A PROGRAMAÇÃO DE COMPUTADORES;0;0;0;0;0;0;0;0;0;0;0;0;0;0;0,48;Reprovado por Nota;2016; 1° Semestre;2;201
135847;Aprovado;EB01;21602578;IE01;Estatística;IEC037;INTRODUÇÃO A PROGRAMAÇÃO DE COMPUTADORES;0;0;0;0;0;0;0;0;0;0;0;0;0;0;5,18;Aprovado;2016; 1° Semestre;1;201
135847;Aprovado;EB01;21601145;IE01;Estatística;IEC037;INTRODUÇÃO A PROGRAMAÇÃO DE COMPUTADORES;0;0;0;0;0;0;0;0;0;0;0;0;0;0;8,67;Aprovado;2016; 1° Semestre;1;201
135847;Reprovado por Freqüência;EB01;21600408;IE01;Estatística;IEC037;INTRODUÇÃO A PROGRAMAÇÃO DE COMPUTADORES;0;0;0;0;0;0;0;0;0;0;0;0;0;0;0;Reprovado por Freqüência;2016; 1° Semestre;3;201
135847;Reprovado por Nota;EB01;21651479;IE01;Estatística;IEC037;INTRODUÇÃO A PROGRAMAÇÃO DE COMPUTADORES;0;0;0;0;0;0;0;0;0;0;0;0;0;0;0;Reprovado por Nota;2016; 1° Semestre;2;201
135847;Aprovado;EB01;21651594;IE01;Estatística;IEC037;INTRODUÇÃO A PROGRAMAÇÃO DE COMPUTADORES;0;0;0;0;0;0;0;0;0;0;0;0;0;0;5,45;Aprovado;2016; 1° Semestre;1;201
135847;Aprovado;EB01;21602571;IE01;Estatística;IEC037;INTRODUÇÃO A PROGRAMAÇÃO DE COMPUTADORES;0;0;0;0;0;0;0;0;0;0;0;0;0;0;6,5;Aprovado;2016; 1° Semestre;1;201
135847;Reprovado por Freqüência;EB01;21602575;IE01;Estatística;IEC037;INTRODUÇÃO A PROGRAMAÇÃO DE COMPUTADORES;0;0;0;0;0;0;0;0;0;0;0;0;0;0;0;Reprovado por Freqüência;2016; 1° Semestre;3;201
135847;Reprovado por Nota;EB01;21650900;IE01;Estatística;IEC037;INTRODUÇÃO A PROGRAMAÇÃO DE COMPUTADORES;0;0;0;0;0;0;0;0;0;0;0;0;0;0;3,96;Reprovado por Nota;2016; 1° Semestre;2;201
135847;Reprovado por Nota;EB01;21650897;IE01;Estatística;IEC037;INTRODUÇÃO A PROGRAMAÇÃO DE COMPUTADORES;0;0;0;0;0;0;0;0;0;0;0;0;0;0;0,08;Reprovado por Nota;2016; 1° Semestre;2;201
135847;Reprovado por Nota;EB01;21650369;IE01;Estatística;IEC037;INTRODUÇÃO A PROGRAMAÇÃO DE COMPUTADORES;0;0;0;0;0;0;0;0;0;0;0;0;0;0;2,69;Reprovado por Nota;2016; 1° Semestre;2;201
135847;Reprovado por Nota;EB01;21650899;IE01;Estatística;IEC037;INTRODUÇÃO A PROGRAMAÇÃO DE COMPUTADORES;0;0;0;0;0;0;0;0;0;0;0;0;0;0;0,81;Reprovado por Nota;2016; 1° Semestre;2;201
135847;Reprovado por Nota;EB01;21602572;IE01;Estatística;IEC037;INTRODUÇÃO A PROGRAMAÇÃO DE COMPUTADORES;0;0;0;0;0;0;0;0;0;0;0;0;0;0;1,55;Reprovado por Nota;2016; 1° Semestre;2;201
135847;Aprovado;EB01;21602576;IE01;Estatística;IEC037;INTRODUÇÃO A PROGRAMAÇÃO DE COMPUTADORES;0;0;0;0;0;0;0;0;0;0;0;0;0;0;5,44;Aprovado;2016; 1° Semestre;1;201
135847;Aprovado;EB01;21650902;IE01;Estatística;IEC037;INTRODUÇÃO A PROGRAMAÇÃO DE COMPUTADORES;0;0;0;0;0;0;0;0;0;0;0;0;0;0;5,83;Aprovado;2016; 1° Semestre;1;201
135847;Aprovado;EB01;21602570;IE01;Estatística;IEC037;INTRODUÇÃO A PROGRAMAÇÃO DE COMPUTADORES;0;0;0;0;0;0;0;0;0;0;0;0;0;0;5,88;Aprovado;2016; 1° Semestre;1;201
135847;Aprovado;EB01;21650368;IE01;Estatística;IEC037;INTRODUÇÃO A PROGRAMAÇÃO DE COMPUTADORES;0;0;0;0;0;0;0;0;0;0;0;0;0;0;5,64;Aprovado;2016; 1° Semestre;1;201
135847;Aprovado;EB01;21651590;IE01;Estatística;IEC037;INTRODUÇÃO A PROGRAMAÇÃO DE COMPUTADORES;0;0;0;0;0;0;0;0;0;0;0;0;0;0;5,09;Aprovado;2016; 1° Semestre;1;201
135847;Reprovado por Freqüência;EB01;21651591;IE01;Estatística;IEC037;INTRODUÇÃO A PROGRAMAÇÃO DE COMPUTADORES;0;0;0;0;0;0;0;0;0;0;0;0;0;0;0,01;Reprovado por Freqüência;2016; 1° Semestre;3;201
135847;Aprovado;EB01;21602577;IE01;Estatística;IEC037;INTRODUÇÃO A PROGRAMAÇÃO DE COMPUTADORES;0;0;0;0;0;0;0;0;0;0;0;0;0;0;9,36;Aprovado;2016; 1° Semestre;1;201
135847;Reprovado por Nota;EB01;21651477;IE01;Estatística;IEC037;INTRODUÇÃO A PROGRAMAÇÃO DE COMPUTADORES;0;0;0;0;0;0;0;0;0;0;0;0;0;0;0,87;Reprovado por Nota;2016; 1° Semestre;2;201
135847;Aprovado;EB01;21602568;IE01;Estatística;IEC037;INTRODUÇÃO A PROGRAMAÇÃO DE COMPUTADORES;0;0;0;0;0;0;0;0;0;0;0;0;0;0;10;Aprovado;2016; 1° Semestre;1;201
135847;Reprovado por Freqüência;EB01;21651478;IE01;Estatística;IEC037;INTRODUÇÃO A PROGRAMAÇÃO DE COMPUTADORES;0;0;0;0;0;0;0;0;0;0;0;0;0;0;0;Reprovado por Freqüência;2016; 1° Semestre;3;201
135847;Reprovado por Nota;EB01;21650639;IE01;Estatística;IEC037;INTRODUÇÃO A PROGRAMAÇÃO DE COMPUTADORES;0;0;0;0;0;0;0;0;0;0;0;0;0;0;0,11;Reprovado por Nota;2016; 1° Semestre;2;201
135847;Reprovado por Nota;EB01;21603642;IE01;Estatística;IEC037;INTRODUÇÃO A PROGRAMAÇÃO DE COMPUTADORES;0;0;0;0;0;0;0;0;0;0;0;0;0;0;1,38;Reprovado por Nota;2016; 1° Semestre;2;201
135847;Reprovado por Freqüência;EB01;21651592;IE01;Estatística;IEC037;INTRODUÇÃO A PROGRAMAÇÃO DE COMPUTADORES;0;0;0;0;0;0;0;0;0;0;0;0;0;0;0;Reprovado por Freqüência;2016; 1° Semestre;3;201
135847;Reprovado por Nota;EB01;21603641;IE01;Estatística;IEC037;INTRODUÇÃO A PROGRAMAÇÃO DE COMPUTADORES;0;0;0;0;0;0;0;0;0;0;0;0;0;0;2,05;Reprovado por Nota;2016; 1° Semestre;2;201
135847;Reprovado por Nota;EB01;21602574;IE01;Estatística;IEC037;INTRODUÇÃO A PROGRAMAÇÃO DE COMPUTADORES;0;0;0;0;0;0;0;0;0;0;0;0;0;0;4,4;Reprovado por Nota;2016; 1° Semestre;2;201
135847;Reprovado por Freqüência;EB01;21650638;IE01;Estatística;IEC037;INTRODUÇÃO A PROGRAMAÇÃO DE COMPUTADORES;0;0;0;0;0;0;0;0;0;0;0;0;0;0;0,16;Reprovado por Freqüência;2016; 1° Semestre;3;201
135847;Reprovado por Freqüência;EB01;21650636;IE01;Estatística;IEC037;INTRODUÇÃO A PROGRAMAÇÃO DE COMPUTADORES;0;0;0;0;0;0;0;0;0;0;0;0;0;0;0,06;Reprovado por Freqüência;2016; 1° Semestre;3;201
135847;Aprovado;EB01;21650904;IE01;Estatística;IEC037;INTRODUÇÃO A PROGRAMAÇÃO DE COMPUTADORES;0;0;0;0;0;0;0;0;0;0;0;0;0;0;5,96;Aprovado;2016; 1° Semestre;1;201
135847;Reprovado por Nota;EB01;21602579;IE01;Estatística;IEC037;INTRODUÇÃO A PROGRAMAÇÃO DE COMPUTADORES;0;0;0;0;0;0;0;0;0;0;0;0;0;0;1,61;Reprovado por Nota;2016; 1° Semestre;2;201
135847;Aprovado;EB01;21650365;IE01;Estatística;IEC037;INTRODUÇÃO A PROGRAMAÇÃO DE COMPUTADORES;0;0;0;0;0;0;0;0;0;0;0;0;0;0;6,54;Aprovado;2016; 1° Semestre;1;201
135847;Aprovado;EB01;21602569;IE01;Estatística;IEC037;INTRODUÇÃO A PROGRAMAÇÃO DE COMPUTADORES;0;0;0;0;0;0;0;0;0;0;0;0;0;0;8,27;Aprovado;2016; 1° Semestre;1;201
135847;Reprovado por Nota;EB01;21651593;IE01;Estatística;IEC037;INTRODUÇÃO A PROGRAMAÇÃO DE COMPUTADORES;0;0;0;0;0;0;0;0;0;0;0;0;0;0;1,13;Reprovado por Nota;2016; 1° Semestre;2;201
135847;Reprovado por Nota;EB01;21650367;IE01;Estatística;IEC037;INTRODUÇÃO A PROGRAMAÇÃO DE COMPUTADORES;0;0;0;0;0;0;0;0;0;0;0;0;0;0;2,46;Reprovado por Nota;2016; 1° Semestre;2;201
135847;Aprovado;EB01;21602573;IE01;Estatística;IEC037;INTRODUÇÃO A PROGRAMAÇÃO DE COMPUTADORES;0;0;0;0;0;0;0;0;0;0;0;0;0;0;8,82;Aprovado;2016; 1° Semestre;1;201
139016;Aprovado;EB500;21456325;IE01;Estatística;IEC037;INTRODUÇÃO A PROGRAMAÇÃO DE COMPUTADORES;0;0;0;0;0;0;0;0;0;0;0;0;0;0;10;Aprovado;2016; 1° Semestre;1;201
139016;Aprovado;EB500;21553786;IE01;Estatística;IEC037;INTRODUÇÃO A PROGRAMAÇÃO DE COMPUTADORES;0;0;0;0;0;0;0;0;0;0;0;0;0;0;8,41;Aprovado;2016; 1° Semestre;1;201
139016;Reprovado por Nota;EB500;21202357;IE01;Estatística;IEC037;INTRODUÇÃO A PROGRAMAÇÃO DE COMPUTADORES;0;0;0;0;0;0;0;0;0;0;0;0;0;0;2,5;Reprovado por Nota;2016; 1° Semestre;2;201
139016;Aprovado;EB500;21456329;IE01;Estatística;IEC037;INTRODUÇÃO A PROGRAMAÇÃO DE COMPUTADORES;0;0;0;0;0;0;0;0;0;0;0;0;0;0;5,97;Aprovado;2016; 1° Semestre;1;201
139016;Aprovado;EB500;21553946;IE01;Estatística;IEC037;INTRODUÇÃO A PROGRAMAÇÃO DE COMPUTADORES;0;0;0;0;0;0;0;0;0;0;0;0;0;0;7,65;Aprovado;2016; 1° Semestre;1;201
139016;Reprovado por Nota;EB500;21552962;IE01;Estatística;IEC037;INTRODUÇÃO A PROGRAMAÇÃO DE COMPUTADORES;0;0;0;0;0;0;0;0;0;0;0;0;0;0;0,64;Reprovado por Nota;2016; 1° Semestre;2;201
139016;Reprovado por Nota;EB500;21553945;IE01;Estatística;IEC037;INTRODUÇÃO A PROGRAMAÇÃO DE COMPUTADORES;0;0;0;0;0;0;0;0;0;0;0;0;0;0;2,19;Reprovado por Nota;2016; 1° Semestre;2;201
139016;Reprovado por Nota;EB500;21453491;IE01;Estatística;IEC037;INTRODUÇÃO A PROGRAMAÇÃO DE COMPUTADORES;0;0;0;0;0;0;0;0;0;0;0;0;0;0;4,02;Reprovado por Nota;2016; 1° Semestre;2;201
139016;Aprovado;EB500;21551155;IE01;Estatística;IEC037;INTRODUÇÃO A PROGRAMAÇÃO DE COMPUTADORES;0;0;0;0;0;0;0;0;0;0;0;0;0;0;6,59;Aprovado;2016; 1° Semestre;1;201
139016;Aprovado;EB500;21555662;IE01;Estatística;IEC037;INTRODUÇÃO A PROGRAMAÇÃO DE COMPUTADORES;0;0;0;0;0;0;0;0;0;0;0;0;0;0;5,22;Aprovado;2016; 1° Semestre;1;201
139016;Trancado;EB500;21454704;IE01;Estatística;IEC037;INTRODUÇÃO A PROGRAMAÇÃO DE COMPUTADORES;0;0;0;0;0;0;0;0;0;0;0;0;0;0;0;Trancado;2016; 1° Semestre;5;201
139016;Aprovado;EB500;21553792;IE01;Estatística;IEC037;INTRODUÇÃO A PROGRAMAÇÃO DE COMPUTADORES;0;0;0;0;0;0;0;0;0;0;0;0;0;0;10;Aprovado;2016; 1° Semestre;1;201
133151;Aprovado;1;21552438;FT06;Engenharia de Produção;IEC081;INTRODUÇÃO A CIÊNCIA DOS COMPUTADORES;0;0;0;0;0;0;0;0;0;0;0;0;0;0;5,05;Aprovado;2016; 1° Semestre;1;201
133151;Trancado;1;21552441;FT06;Engenharia de Produção;IEC081;INTRODUÇÃO A CIÊNCIA DOS COMPUTADORES;0;0;0;0;0;0;0;0;0;0;0;0;0;0;0;Trancado;2016; 1° Semestre;5;201
133151;Aprovado;1;21456290;FT06;Engenharia de Produção;IEC081;INTRODUÇÃO A CIÊNCIA DOS COMPUTADORES;0;0;0;0;0;0;0;0;0;0;0;0;0;0;7,61;Aprovado;2016; 1° Semestre;1;201
133151;Trancado;1;21456912;FT06;Engenharia de Produção;IEC081;INTRODUÇÃO A CIÊNCIA DOS COMPUTADORES;0;0;0;0;0;0;0;0;0;0;0;0;0;0;0;Trancado;2016; 1° Semestre;5;201
133151;Trancado;1;21452666;FT06;Engenharia de Produção;IEC081;INTRODUÇÃO A CIÊNCIA DOS COMPUTADORES;0;0;0;0;0;0;0;0;0;0;0;0;0;0;0;Trancado;2016; 1° Semestre;5;201
133151;Aprovado;1;21452667;FT06;Engenharia de Produção;IEC081;INTRODUÇÃO A CIÊNCIA DOS COMPUTADORES;0;0;0;0;0;0;0;0;0;0;0;0;0;0;5;Aprovado;2016; 1° Semestre;1;201
133151;Reprovado por Nota;1;21554909;FT06;Engenharia de Produção;IEC081;INTRODUÇÃO A CIÊNCIA DOS COMPUTADORES;0;0;0;0;0;0;0;0;0;0;0;0;0;0;0;Reprovado por Nota;2016; 1° Semestre;2;201
133151;Aprovado;1;21457257;FT06;Engenharia de Produção;IEC081;INTRODUÇÃO A CIÊNCIA DOS COMPUTADORES;0;0;0;0;0;0;0;0;0;0;0;0;0;0;5,03;Aprovado;2016; 1° Semestre;1;201
133151;Reprovado por Nota;1;21453480;FT06;Engenharia de Produção;IEC081;INTRODUÇÃO A CIÊNCIA DOS COMPUTADORES;0;0;0;0;0;0;0;0;0;0;0;0;0;0;3,36;Reprovado por Nota;2016; 1° Semestre;2;201
133151;Aprovado;1;21552110;FT06;Engenharia de Produção;IEC081;INTRODUÇÃO A CIÊNCIA DOS COMPUTADORES;0;0;0;0;0;0;0;0;0;0;0;0;0;0;6,58;Aprovado;2016; 1° Semestre;1;201
133151;Aprovado;1;21553777;FT06;Engenharia de Produção;IEC081;INTRODUÇÃO A CIÊNCIA DOS COMPUTADORES;0;0;0;0;0;0;0;0;0;0;0;0;0;0;7,05;Aprovado;2016; 1° Semestre;1;201
133151;Aprovado;1;21555152;FT06;Engenharia de Produção;IEC081;INTRODUÇÃO A CIÊNCIA DOS COMPUTADORES;0;0;0;0;0;0;0;0;0;0;0;0;0;0;9,91;Aprovado;2016; 1° Semestre;1;201
133151;Aprovado;1;21453644;FT06;Engenharia de Produção;IEC081;INTRODUÇÃO A CIÊNCIA DOS COMPUTADORES;0;0;0;0;0;0;0;0;0;0;0;0;0;0;5,2;Aprovado;2016; 1° Semestre;1;201
133151;Aprovado;1;21551328;FT06;Engenharia de Produção;IEC081;INTRODUÇÃO A CIÊNCIA DOS COMPUTADORES;0;0;0;0;0;0;0;0;0;0;0;0;0;0;8,35;Aprovado;2016; 1° Semestre;1;201
133151;Trancado;1;21550310;FT06;Engenharia de Produção;IEC081;INTRODUÇÃO A CIÊNCIA DOS COMPUTADORES;0;0;0;0;0;0;0;0;0;0;0;0;0;0;0;Trancado;2016; 1° Semestre;5;201
133151;Reprovado por Nota;1;21554908;FT06;Engenharia de Produção;IEC081;INTRODUÇÃO A CIÊNCIA DOS COMPUTADORES;0;0;0;0;0;0;0;0;0;0;0;0;0;0;4,57;Reprovado por Nota;2016; 1° Semestre;2;201
133151;Aprovado;1;21555322;FT06;Engenharia de Produção;IEC081;INTRODUÇÃO A CIÊNCIA DOS COMPUTADORES;0;0;0;0;0;0;0;0;0;0;0;0;0;0;5,43;Aprovado;2016; 1° Semestre;1;201
133151;Aprovado;1;21456913;FT06;Engenharia de Produção;IEC081;INTRODUÇÃO A CIÊNCIA DOS COMPUTADORES;0;0;0;0;0;0;0;0;0;0;0;0;0;0;7,85;Aprovado;2016; 1° Semestre;1;201
133151;Trancado;1;21551999;FT06;Engenharia de Produção;IEC081;INTRODUÇÃO A CIÊNCIA DOS COMPUTADORES;0;0;0;0;0;0;0;0;0;0;0;0;0;0;0;Trancado;2016; 1° Semestre;5;201
133151;Aprovado;1;21454689;FT06;Engenharia de Produção;IEC081;INTRODUÇÃO A CIÊNCIA DOS COMPUTADORES;0;0;0;0;0;0;0;0;0;0;0;0;0;0;5;Aprovado;2016; 1° Semestre;1;201
133151;Aprovado;1;21552150;FT06;Engenharia de Produção;IEC081;INTRODUÇÃO A CIÊNCIA DOS COMPUTADORES;0;0;0;0;0;0;0;0;0;0;0;0;0;0;7,91;Aprovado;2016; 1° Semestre;1;201
133151;Aprovado;1;21555609;FT06;Engenharia de Produção;IEC081;INTRODUÇÃO A CIÊNCIA DOS COMPUTADORES;0;0;0;0;0;0;0;0;0;0;0;0;0;0;5,15;Aprovado;2016; 1° Semestre;1;201
133151;Reprovado por Nota;1;21553944;FT06;Engenharia de Produção;IEC081;INTRODUÇÃO A CIÊNCIA DOS COMPUTADORES;0;0;0;0;0;0;0;0;0;0;0;0;0;0;1,57;Reprovado por Nota;2016; 1° Semestre;2;201
133151;Aprovado;1;21553943;FT06;Engenharia de Produção;IEC081;INTRODUÇÃO A CIÊNCIA DOS COMPUTADORES;0;0;0;0;0;0;0;0;0;0;0;0;0;0;5,24;Aprovado;2016; 1° Semestre;1;201
133151;Aprovado;1;21454598;FT06;Engenharia de Produção;IEC081;INTRODUÇÃO A CIÊNCIA DOS COMPUTADORES;0;0;0;0;0;0;0;0;0;0;0;0;0;0;6,65;Aprovado;2016; 1° Semestre;1;201
133151;Aprovado;1;21554019;FT06;Engenharia de Produção;IEC081;INTRODUÇÃO A CIÊNCIA DOS COMPUTADORES;0;0;0;0;0;0;0;0;0;0;0;0;0;0;7,05;Aprovado;2016; 1° Semestre;1;201
133151;Aprovado;1;21554018;FT06;Engenharia de Produção;IEC081;INTRODUÇÃO A CIÊNCIA DOS COMPUTADORES;0;0;0;0;0;0;0;0;0;0;0;0;0;0;8,43;Aprovado;2016; 1° Semestre;1;201
133151;Aprovado;1;21553776;FT06;Engenharia de Produção;IEC081;INTRODUÇÃO A CIÊNCIA DOS COMPUTADORES;0;0;0;0;0;0;0;0;0;0;0;0;0;0;7,13;Aprovado;2016; 1° Semestre;1;201
133151;Aprovado;1;21555178;FT06;Engenharia de Produção;IEC081;INTRODUÇÃO A CIÊNCIA DOS COMPUTADORES;0;0;0;0;0;0;0;0;0;0;0;0;0;0;6,39;Aprovado;2016; 1° Semestre;1;201
133151;Aprovado;1;21552440;FT06;Engenharia de Produção;IEC081;INTRODUÇÃO A CIÊNCIA DOS COMPUTADORES;0;0;0;0;0;0;0;0;0;0;0;0;0;0;6,84;Aprovado;2016; 1° Semestre;1;201
133151;Aprovado;1;21555179;FT06;Engenharia de Produção;IEC081;INTRODUÇÃO A CIÊNCIA DOS COMPUTADORES;0;0;0;0;0;0;0;0;0;0;0;0;0;0;5,26;Aprovado;2016; 1° Semestre;1;201
133151;Aprovado;1;21550300;FT06;Engenharia de Produção;IEC081;INTRODUÇÃO A CIÊNCIA DOS COMPUTADORES;0;0;0;0;0;0;0;0;0;0;0;0;0;0;6,47;Aprovado;2016; 1° Semestre;1;201
133151;Reprovado por Nota;1;21553779;FT06;Engenharia de Produção;IEC081;INTRODUÇÃO A CIÊNCIA DOS COMPUTADORES;0;0;0;0;0;0;0;0;0;0;0;0;0;0;2,24;Reprovado por Nota;2016; 1° Semestre;2;201
133151;Aprovado;1;21553778;FT06;Engenharia de Produção;IEC081;INTRODUÇÃO A CIÊNCIA DOS COMPUTADORES;0;0;0;0;0;0;0;0;0;0;0;0;0;0;6,81;Aprovado;2016; 1° Semestre;1;201
133151;Aprovado;1;21553780;FT06;Engenharia de Produção;IEC081;INTRODUÇÃO A CIÊNCIA DOS COMPUTADORES;0;0;0;0;0;0;0;0;0;0;0;0;0;0;6,25;Aprovado;2016; 1° Semestre;1;201
133151;Aprovado;1;21554017;FT06;Engenharia de Produção;IEC081;INTRODUÇÃO A CIÊNCIA DOS COMPUTADORES;0;0;0;0;0;0;0;0;0;0;0;0;0;0;7,33;Aprovado;2016; 1° Semestre;1;201
133151;Aprovado;1;21551331;FT06;Engenharia de Produção;IEC081;INTRODUÇÃO A CIÊNCIA DOS COMPUTADORES;0;0;0;0;0;0;0;0;0;0;0;0;0;0;6,97;Aprovado;2016; 1° Semestre;1;201
133151;Aprovado;1;21553942;FT06;Engenharia de Produção;IEC081;INTRODUÇÃO A CIÊNCIA DOS COMPUTADORES;0;0;0;0;0;0;0;0;0;0;0;0;0;0;8,95;Aprovado;2016; 1° Semestre;1;201
133151;Aprovado;1;21553906;FT06;Engenharia de Produção;IEC081;INTRODUÇÃO A CIÊNCIA DOS COMPUTADORES;0;0;0;0;0;0;0;0;0;0;0;0;0;0;7,63;Aprovado;2016; 1° Semestre;1;201
133151;Reprovado por Nota;1;21453503;FT06;Engenharia de Produção;IEC081;INTRODUÇÃO A CIÊNCIA DOS COMPUTADORES;0;0;0;0;0;0;0;0;0;0;0;0;0;0;0,27;Reprovado por Nota;2016; 1° Semestre;2;201
133151;Aprovado;1;21551332;FT06;Engenharia de Produção;IEC081;INTRODUÇÃO A CIÊNCIA DOS COMPUTADORES;0;0;0;0;0;0;0;0;0;0;0;0;0;0;8,94;Aprovado;2016; 1° Semestre;1;201
133151;Aprovado;1;21550293;FT06;Engenharia de Produção;IEC081;INTRODUÇÃO A CIÊNCIA DOS COMPUTADORES;0;0;0;0;0;0;0;0;0;0;0;0;0;0;6,21;Aprovado;2016; 1° Semestre;1;201
133151;Aprovado;1;21551333;FT06;Engenharia de Produção;IEC081;INTRODUÇÃO A CIÊNCIA DOS COMPUTADORES;0;0;0;0;0;0;0;0;0;0;0;0;0;0;8,1;Aprovado;2016; 1° Semestre;1;201
133151;Trancado;1;21552479;FT06;Engenharia de Produção;IEC081;INTRODUÇÃO A CIÊNCIA DOS COMPUTADORES;0;0;0;0;0;0;0;0;0;0;0;0;0;0;0;Trancado;2016; 1° Semestre;5;201
133151;Aprovado;1;21553782;FT06;Engenharia de Produção;IEC081;INTRODUÇÃO A CIÊNCIA DOS COMPUTADORES;0;0;0;0;0;0;0;0;0;0;0;0;0;0;8,2;Aprovado;2016; 1° Semestre;1;201
133151;Aprovado;1;21553775;FT06;Engenharia de Produção;IEC081;INTRODUÇÃO A CIÊNCIA DOS COMPUTADORES;0;0;0;0;0;0;0;0;0;0;0;0;0;0;8,46;Aprovado;2016; 1° Semestre;1;201
133151;Aprovado;1;21551334;FT06;Engenharia de Produção;IEC081;INTRODUÇÃO A CIÊNCIA DOS COMPUTADORES;0;0;0;0;0;0;0;0;0;0;0;0;0;0;7,23;Aprovado;2016; 1° Semestre;1;201
133151;Aprovado;1;21553913;FT06;Engenharia de Produção;IEC081;INTRODUÇÃO A CIÊNCIA DOS COMPUTADORES;0;0;0;0;0;0;0;0;0;0;0;0;0;0;5,49;Aprovado;2016; 1° Semestre;1;201
133151;Trancado;1;21550306;FT06;Engenharia de Produção;IEC081;INTRODUÇÃO A CIÊNCIA DOS COMPUTADORES;0;0;0;0;0;0;0;0;0;0;0;0;0;0;0;Trancado;2016; 1° Semestre;5;201
133151;Aprovado;1;21551586;FT06;Engenharia de Produção;IEC081;INTRODUÇÃO A CIÊNCIA DOS COMPUTADORES;0;0;0;0;0;0;0;0;0;0;0;0;0;0;6,88;Aprovado;2016; 1° Semestre;1;201
133151;Aprovado;1;21552149;FT06;Engenharia de Produção;IEC081;INTRODUÇÃO A CIÊNCIA DOS COMPUTADORES;0;0;0;0;0;0;0;0;0;0;0;0;0;0;8,43;Aprovado;2016; 1° Semestre;1;201
133151;Trancado;1;21351153;FT06;Engenharia de Produção;IEC081;INTRODUÇÃO A CIÊNCIA DOS COMPUTADORES;0;0;0;0;0;0;0;0;0;0;0;0;0;0;0;Trancado;2016; 1° Semestre;5;201
136156;Reprovado por Nota;MB01;21601590;IE03-B;Matemática - Bacharelado;IEC081;INTRODUÇÃO A CIÊNCIA DOS COMPUTADORES;0;0;0;0;0;0;0;0;0;0;0;0;0;0;0,04;Reprovado por Nota;2016; 1° Semestre;2;201
136156;Reprovado por Nota;MB01;21650561;IE03-B;Matemática - Bacharelado;IEC081;INTRODUÇÃO A CIÊNCIA DOS COMPUTADORES;0;0;0;0;0;0;0;0;0;0;0;0;0;0;0,86;Reprovado por Nota;2016; 1° Semestre;2;201
136156;Reprovado por Freqüência;MB01;21602592;IE03-B;Matemática - Bacharelado;IEC081;INTRODUÇÃO A CIÊNCIA DOS COMPUTADORES;0;0;0;0;0;0;0;0;0;0;0;0;0;0;0,02;Reprovado por Freqüência;2016; 1° Semestre;3;201
136156;Reprovado por Nota;MB01;21651473;IE03-B;Matemática - Bacharelado;IEC081;INTRODUÇÃO A CIÊNCIA DOS COMPUTADORES;0;0;0;0;0;0;0;0;0;0;0;0;0;0;1,02;Reprovado por Nota;2016; 1° Semestre;2;201
136156;Reprovado por Nota;MB01;21600559;IE03-B;Matemática - Bacharelado;IEC081;INTRODUÇÃO A CIÊNCIA DOS COMPUTADORES;0;0;0;0;0;0;0;0;0;0;0;0;0;0;3,94;Reprovado por Nota;2016; 1° Semestre;2;201
136156;Aprovado;MB01;21600857;IE03-B;Matemática - Bacharelado;IEC081;INTRODUÇÃO A CIÊNCIA DOS COMPUTADORES;0;0;0;0;0;0;0;0;0;0;0;0;0;0;6,57;Aprovado;2016; 1° Semestre;1;201
136156;Reprovado por Nota;MB01;21601589;IE03-B;Matemática - Bacharelado;IEC081;INTRODUÇÃO A CIÊNCIA DOS COMPUTADORES;0;0;0;0;0;0;0;0;0;0;0;0;0;0;0;Reprovado por Nota;2016; 1° Semestre;2;201
136156;Reprovado por Nota;MB01;21602591;IE03-B;Matemática - Bacharelado;IEC081;INTRODUÇÃO A CIÊNCIA DOS COMPUTADORES;0;0;0;0;0;0;0;0;0;0;0;0;0;0;0,45;Reprovado por Nota;2016; 1° Semestre;2;201
136156;Reprovado por Nota;MB01;21651314;IE03-B;Matemática - Bacharelado;IEC081;INTRODUÇÃO A CIÊNCIA DOS COMPUTADORES;0;0;0;0;0;0;0;0;0;0;0;0;0;0;0,79;Reprovado por Nota;2016; 1° Semestre;2;201
136156;Aprovado;MB01;21602593;IE03-B;Matemática - Bacharelado;IEC081;INTRODUÇÃO A CIÊNCIA DOS COMPUTADORES;0;0;0;0;0;0;0;0;0;0;0;0;0;0;5,64;Aprovado;2016; 1° Semestre;1;201
136156;Aprovado;MB01;21651312;IE03-B;Matemática - Bacharelado;IEC081;INTRODUÇÃO A CIÊNCIA DOS COMPUTADORES;0;0;0;0;0;0;0;0;0;0;0;0;0;0;6,55;Aprovado;2016; 1° Semestre;1;201
136156;Reprovado por Nota;MB01;21601531;IE03-B;Matemática - Bacharelado;IEC081;INTRODUÇÃO A CIÊNCIA DOS COMPUTADORES;0;0;0;0;0;0;0;0;0;0;0;0;0;0;0,01;Reprovado por Nota;2016; 1° Semestre;2;201
136156;Aprovado;MB01;21600560;IE03-B;Matemática - Bacharelado;IEC081;INTRODUÇÃO A CIÊNCIA DOS COMPUTADORES;0;0;0;0;0;0;0;0;0;0;0;0;0;0;9,33;Aprovado;2016; 1° Semestre;1;201
136156;Reprovado por Nota;MB01;21651313;IE03-B;Matemática - Bacharelado;IEC081;INTRODUÇÃO A CIÊNCIA DOS COMPUTADORES;0;0;0;0;0;0;0;0;0;0;0;0;0;0;1,25;Reprovado por Nota;2016; 1° Semestre;2;201
136156;Reprovado por Freqüência;MB01;21602594;IE03-B;Matemática - Bacharelado;IEC081;INTRODUÇÃO A CIÊNCIA DOS COMPUTADORES;0;0;0;0;0;0;0;0;0;0;0;0;0;0;0;Reprovado por Freqüência;2016; 1° Semestre;3;201
136156;Aprovado;MB01;21600561;IE03-B;Matemática - Bacharelado;IEC081;INTRODUÇÃO A CIÊNCIA DOS COMPUTADORES;0;0;0;0;0;0;0;0;0;0;0;0;0;0;10;Aprovado;2016; 1° Semestre;1;201
136160;Aprovado;MB02;21553781;IE03-B;Matemática - Bacharelado;IEC081;INTRODUÇÃO A CIÊNCIA DOS COMPUTADORES;0;0;0;0;0;0;0;0;0;0;0;0;0;0;8,85;Aprovado;2016; 1° Semestre;1;201
136160;Reprovado por Nota;MB02;21552445;IE03-B;Matemática - Bacharelado;IEC081;INTRODUÇÃO A CIÊNCIA DOS COMPUTADORES;0;0;0;0;0;0;0;0;0;0;0;0;0;0;1,17;Reprovado por Nota;2016; 1° Semestre;2;201
136160;Aprovado;MB02;21555228;IE03-B;Matemática - Bacharelado;IEC081;INTRODUÇÃO A CIÊNCIA DOS COMPUTADORES;0;0;0;0;0;0;0;0;0;0;0;0;0;0;6,59;Aprovado;2016; 1° Semestre;1;201
136160;Reprovado por Freqüência;MB02;21551583;IE03-B;Matemática - Bacharelado;IEC081;INTRODUÇÃO A CIÊNCIA DOS COMPUTADORES;0;0;0;0;0;0;0;0;0;0;0;0;0;0;0;Reprovado por Freqüência;2016; 1° Semestre;3;201
136160;Reprovado por Nota;MB02;21457007;IE03-B;Matemática - Bacharelado;IEC081;INTRODUÇÃO A CIÊNCIA DOS COMPUTADORES;0;0;0;0;0;0;0;0;0;0;0;0;0;0;0,09;Reprovado por Nota;2016; 1° Semestre;2;201
136160;Reprovado por Nota;MB02;21453546;IE03-B;Matemática - Bacharelado;IEC081;INTRODUÇÃO A CIÊNCIA DOS COMPUTADORES;0;0;0;0;0;0;0;0;0;0;0;0;0;0;0;Reprovado por Nota;2016; 1° Semestre;2;201
136160;Reprovado por Nota;MB02;21555293;IE03-B;Matemática - Bacharelado;IEC081;INTRODUÇÃO A CIÊNCIA DOS COMPUTADORES;0;0;0;0;0;0;0;0;0;0;0;0;0;0;0,33;Reprovado por Nota;2016; 1° Semestre;2;201
136160;Aprovado;MB02;21353575;IE03-B;Matemática - Bacharelado;IEC081;INTRODUÇÃO A CIÊNCIA DOS COMPUTADORES;0;0;0;0;0;0;0;0;0;0;0;0;0;0;10;Aprovado;2016; 1° Semestre;1;201
136160;Trancado;MB02;21553966;IE03-B;Matemática - Bacharelado;IEC081;INTRODUÇÃO A CIÊNCIA DOS COMPUTADORES;0;0;0;0;0;0;0;0;0;0;0;0;0;0;0;Trancado;2016; 1° Semestre;5;201
136160;Reprovado por Nota;MB02;21353577;IE03-B;Matemática - Bacharelado;IEC081;INTRODUÇÃO A CIÊNCIA DOS COMPUTADORES;0;0;0;0;0;0;0;0;0;0;0;0;0;0;0,74;Reprovado por Nota;2016; 1° Semestre;2;201
134944;Reprovado por Nota;ML01;21553846;IE03-L;Matemática - Licenciatura;IEC081;INTRODUÇÃO A CIÊNCIA DOS COMPUTADORES;0;0;0;0;0;0;0;0;0;0;0;0;0;0;4,19;Reprovado por Nota;2016; 1° Semestre;2;201
134944;Trancado;ML01;21457992;IE03-L;Matemática - Licenciatura;IEC081;INTRODUÇÃO A CIÊNCIA DOS COMPUTADORES;0;0;0;0;0;0;0;0;0;0;0;0;0;0;0;Trancado;2016; 1° Semestre;5;201
134944;Reprovado por Nota;ML01;21552447;IE03-L;Matemática - Licenciatura;IEC081;INTRODUÇÃO A CIÊNCIA DOS COMPUTADORES;0;0;0;0;0;0;0;0;0;0;0;0;0;0;0,83;Reprovado por Nota;2016; 1° Semestre;2;201
134944;Reprovado por Nota;ML01;21555414;IE03-L;Matemática - Licenciatura;IEC081;INTRODUÇÃO A CIÊNCIA DOS COMPUTADORES;0;0;0;0;0;0;0;0;0;0;0;0;0;0;0,2;Reprovado por Nota;2016; 1° Semestre;2;201
134944;Reprovado por Nota;ML01;21554998;IE03-L;Matemática - Licenciatura;IEC081;INTRODUÇÃO A CIÊNCIA DOS COMPUTADORES;0;0;0;0;0;0;0;0;0;0;0;0;0;0;4,51;Reprovado por Nota;2016; 1° Semestre;2;201
134944;Reprovado por Freqüência;ML01;21553967;IE03-L;Matemática - Licenciatura;IEC081;INTRODUÇÃO A CIÊNCIA DOS COMPUTADORES;0;0;0;0;0;0;0;0;0;0;0;0;0;0;0;Reprovado por Freqüência;2016; 1° Semestre;3;201
134944;Trancado;ML01;21454338;IE03-L;Matemática - Licenciatura;IEC081;INTRODUÇÃO A CIÊNCIA DOS COMPUTADORES;0;0;0;0;0;0;0;0;0;0;0;0;0;0;0;Trancado;2016; 1° Semestre;5;201
134944;Reprovado por Nota;ML01;21555028;IE03-L;Matemática - Licenciatura;IEC081;INTRODUÇÃO A CIÊNCIA DOS COMPUTADORES;0;0;0;0;0;0;0;0;0;0;0;0;0;0;4,4;Reprovado por Nota;2016; 1° Semestre;2;201
134944;Aprovado;ML01;21554999;IE03-L;Matemática - Licenciatura;IEC081;INTRODUÇÃO A CIÊNCIA DOS COMPUTADORES;0;0;0;0;0;0;0;0;0;0;0;0;0;0;6,4;Aprovado;2016; 1° Semestre;1;201
134944;Trancado;ML01;21457301;IE03-L;Matemática - Licenciatura;IEC081;INTRODUÇÃO A CIÊNCIA DOS COMPUTADORES;0;0;0;0;0;0;0;0;0;0;0;0;0;0;0;Trancado;2016; 1° Semestre;5;201
134944;Reprovado por Freqüência;ML01;20810273;IE03-L;Matemática - Licenciatura;IEC081;INTRODUÇÃO A CIÊNCIA DOS COMPUTADORES;0;0;0;0;0;0;0;0;0;0;0;0;0;0;0;Reprovado por Freqüência;2016; 1° Semestre;3;201
134944;Trancado;ML01;21554996;IE03-L;Matemática - Licenciatura;IEC081;INTRODUÇÃO A CIÊNCIA DOS COMPUTADORES;0;0;0;0;0;0;0;0;0;0;0;0;0;0;0;Trancado;2016; 1° Semestre;5;201
134944;Aprovado;ML01;21353720;IE03-L;Matemática - Licenciatura;IEC081;INTRODUÇÃO A CIÊNCIA DOS COMPUTADORES;0;0;0;0;0;0;0;0;0;0;0;0;0;0;9,85;Aprovado;2016; 1° Semestre;1;201
134944;Trancado;ML01;21350253;IE03-L;Matemática - Licenciatura;IEC081;INTRODUÇÃO A CIÊNCIA DOS COMPUTADORES;0;0;0;0;0;0;0;0;0;0;0;0;0;0;0;Trancado;2016; 1° Semestre;5;201
134944;Reprovado por Freqüência;ML01;21203716;IE03-L;Matemática - Licenciatura;IEC081;INTRODUÇÃO A CIÊNCIA DOS COMPUTADORES;0;0;0;0;0;0;0;0;0;0;0;0;0;0;0;Reprovado por Freqüência;2016; 1° Semestre;3;201
134944;Trancado;ML01;21455394;IE03-L;Matemática - Licenciatura;IEC081;INTRODUÇÃO A CIÊNCIA DOS COMPUTADORES;0;0;0;0;0;0;0;0;0;0;0;0;0;0;0;Trancado;2016; 1° Semestre;5;201
134944;Aprovado;ML01;21553847;IE03-L;Matemática - Licenciatura;IEC081;INTRODUÇÃO A CIÊNCIA DOS COMPUTADORES;0;0;0;0;0;0;0;0;0;0;0;0;0;0;5,73;Aprovado;2016; 1° Semestre;1;201
134944;Aprovado;ML01;20901704;IE03-L;Matemática - Licenciatura;IEC081;INTRODUÇÃO A CIÊNCIA DOS COMPUTADORES;0;0;0;0;0;0;0;0;0;0;0;0;0;0;6,4;Aprovado;2016; 1° Semestre;1;201
134944;Reprovado por Nota;ML01;21553848;IE03-L;Matemática - Licenciatura;IEC081;INTRODUÇÃO A CIÊNCIA DOS COMPUTADORES;0;0;0;0;0;0;0;0;0;0;0;0;0;0;4,18;Reprovado por Nota;2016; 1° Semestre;2;201
134944;Aprovado;ML01;21553968;IE03-L;Matemática - Licenciatura;IEC081;INTRODUÇÃO A CIÊNCIA DOS COMPUTADORES;0;0;0;0;0;0;0;0;0;0;0;0;0;0;6,21;Aprovado;2016; 1° Semestre;1;201
134944;Aprovado;ML01;21555678;IE03-L;Matemática - Licenciatura;IEC081;INTRODUÇÃO A CIÊNCIA DOS COMPUTADORES;0;0;0;0;0;0;0;0;0;0;0;0;0;0;5,32;Aprovado;2016; 1° Semestre;1;201
134944;Aprovado;ML01;21553849;IE03-L;Matemática - Licenciatura;IEC081;INTRODUÇÃO A CIÊNCIA DOS COMPUTADORES;0;0;0;0;0;0;0;0;0;0;0;0;0;0;6,01;Aprovado;2016; 1° Semestre;1;201
134944;Reprovado por Nota;ML01;21552498;IE03-L;Matemática - Licenciatura;IEC081;INTRODUÇÃO A CIÊNCIA DOS COMPUTADORES;0;0;0;0;0;0;0;0;0;0;0;0;0;0;4,8;Reprovado por Nota;2016; 1° Semestre;2;201
134944;Aprovado;ML01;21354618;IE03-L;Matemática - Licenciatura;IEC081;INTRODUÇÃO A CIÊNCIA DOS COMPUTADORES;0;0;0;0;0;0;0;0;0;0;0;0;0;0;7,02;Aprovado;2016; 1° Semestre;1;201
134944;Aprovado;ML01;21553850;IE03-L;Matemática - Licenciatura;IEC081;INTRODUÇÃO A CIÊNCIA DOS COMPUTADORES;0;0;0;0;0;0;0;0;0;0;0;0;0;0;5,71;Aprovado;2016; 1° Semestre;1;201
134944;Reprovado por Nota;ML01;21554997;IE03-L;Matemática - Licenciatura;IEC081;INTRODUÇÃO A CIÊNCIA DOS COMPUTADORES;0;0;0;0;0;0;0;0;0;0;0;0;0;0;3,65;Reprovado por Nota;2016; 1° Semestre;2;201
134944;Aprovado;ML01;21200931;IE03-L;Matemática - Licenciatura;IEC081;INTRODUÇÃO A CIÊNCIA DOS COMPUTADORES;0;0;0;0;0;0;0;0;0;0;0;0;0;0;6,18;Aprovado;2016; 1° Semestre;1;201
134944;Aprovado;ML01;21553851;IE03-L;Matemática - Licenciatura;IEC081;INTRODUÇÃO A CIÊNCIA DOS COMPUTADORES;0;0;0;0;0;0;0;0;0;0;0;0;0;0;7,07;Aprovado;2016; 1° Semestre;1;201
134944;Aprovado;ML01;21552012;IE03-L;Matemática - Licenciatura;IEC081;INTRODUÇÃO A CIÊNCIA DOS COMPUTADORES;0;0;0;0;0;0;0;0;0;0;0;0;0;0;5,95;Aprovado;2016; 1° Semestre;1;201
134944;Aprovado;ML01;21552496;IE03-L;Matemática - Licenciatura;IEC081;INTRODUÇÃO A CIÊNCIA DOS COMPUTADORES;0;0;0;0;0;0;0;0;0;0;0;0;0;0;6,57;Aprovado;2016; 1° Semestre;1;201
134944;Reprovado por Nota;ML01;21550891;IE03-L;Matemática - Licenciatura;IEC081;INTRODUÇÃO A CIÊNCIA DOS COMPUTADORES;0;0;0;0;0;0;0;0;0;0;0;0;0;0;0,64;Reprovado por Nota;2016; 1° Semestre;2;201
134944;Trancado;ML01;21352595;IE03-L;Matemática - Licenciatura;IEC081;INTRODUÇÃO A CIÊNCIA DOS COMPUTADORES;0;0;0;0;0;0;0;0;0;0;0;0;0;0;0;Trancado;2016; 1° Semestre;5;201
134944;Aprovado;ML01;21552161;IE03-L;Matemática - Licenciatura;IEC081;INTRODUÇÃO A CIÊNCIA DOS COMPUTADORES;0;0;0;0;0;0;0;0;0;0;0;0;0;0;6,27;Aprovado;2016; 1° Semestre;1;201
134944;Reprovado por Nota;ML01;21554027;IE03-L;Matemática - Licenciatura;IEC081;INTRODUÇÃO A CIÊNCIA DOS COMPUTADORES;0;0;0;0;0;0;0;0;0;0;0;0;0;0;0,73;Reprovado por Nota;2016; 1° Semestre;2;201
134944;Reprovado por Freqüência;ML01;21553969;IE03-L;Matemática - Licenciatura;IEC081;INTRODUÇÃO A CIÊNCIA DOS COMPUTADORES;0;0;0;0;0;0;0;0;0;0;0;0;0;0;0;Reprovado por Freqüência;2016; 1° Semestre;3;201
134944;Reprovado por Freqüência;ML01;21555324;IE03-L;Matemática - Licenciatura;IEC081;INTRODUÇÃO A CIÊNCIA DOS COMPUTADORES;0;0;0;0;0;0;0;0;0;0;0;0;0;0;0,17;Reprovado por Freqüência;2016; 1° Semestre;3;201
134944;Aprovado;ML01;21555323;IE03-L;Matemática - Licenciatura;IEC081;INTRODUÇÃO A CIÊNCIA DOS COMPUTADORES;0;0;0;0;0;0;0;0;0;0;0;0;0;0;5,08;Aprovado;2016; 1° Semestre;1;201
134944;Trancado;ML01;21551604;IE03-L;Matemática - Licenciatura;IEC081;INTRODUÇÃO A CIÊNCIA DOS COMPUTADORES;0;0;0;0;0;0;0;0;0;0;0;0;0;0;0;Trancado;2016; 1° Semestre;5;201
134944;Trancado;ML01;21450002;IE03-L;Matemática - Licenciatura;IEC081;INTRODUÇÃO A CIÊNCIA DOS COMPUTADORES;0;0;0;0;0;0;0;0;0;0;0;0;0;0;0;Trancado;2016; 1° Semestre;5;201
134910;Reprovado por Freqüência;ML11;21202368;IE07;Matemática - Licenciatura;IEC081;INTRODUÇÃO A CIÊNCIA DOS COMPUTADORES;0;0;0;0;0;0;0;0;0;0;0;0;0;0;0;Reprovado por Freqüência;2016; 1° Semestre;3;201
134910;Trancado;ML11;21456513;IE07;Matemática - Licenciatura;IEC081;INTRODUÇÃO A CIÊNCIA DOS COMPUTADORES;0;0;0;0;0;0;0;0;0;0;0;0;0;0;0;Trancado;2016; 1° Semestre;5;201
134910;Reprovado por Freqüência;ML11;21553970;IE07;Matemática - Licenciatura;IEC081;INTRODUÇÃO A CIÊNCIA DOS COMPUTADORES;0;0;0;0;0;0;0;0;0;0;0;0;0;0;0;Reprovado por Freqüência;2016; 1° Semestre;3;201
134910;Reprovado por Freqüência;ML11;21100362;IE07;Matemática - Licenciatura;IEC081;INTRODUÇÃO A CIÊNCIA DOS COMPUTADORES;0;0;0;0;0;0;0;0;0;0;0;0;0;0;0;Reprovado por Freqüência;2016; 1° Semestre;3;201
134910;Trancado;ML11;21457268;IE07;Matemática - Licenciatura;IEC081;INTRODUÇÃO A CIÊNCIA DOS COMPUTADORES;0;0;0;0;0;0;0;0;0;0;0;0;0;0;0;Trancado;2016; 1° Semestre;5;201
134910;Trancado;ML11;21458071;IE07;Matemática - Licenciatura;IEC081;INTRODUÇÃO A CIÊNCIA DOS COMPUTADORES;0;0;0;0;0;0;0;0;0;0;0;0;0;0;0;Trancado;2016; 1° Semestre;5;201
134910;Aprovado;ML11;21353287;IE07;Matemática - Licenciatura;IEC081;INTRODUÇÃO A CIÊNCIA DOS COMPUTADORES;0;0;0;0;0;0;0;0;0;0;0;0;0;0;5,02;Aprovado;2016; 1° Semestre;1;201
134910;Reprovado por Nota;ML11;21555506;IE07;Matemática - Licenciatura;IEC081;INTRODUÇÃO A CIÊNCIA DOS COMPUTADORES;0;0;0;0;0;0;0;0;0;0;0;0;0;0;2,33;Reprovado por Nota;2016; 1° Semestre;2;201
134910;Reprovado por Freqüência;ML11;21350116;IE07;Matemática - Licenciatura;IEC081;INTRODUÇÃO A CIÊNCIA DOS COMPUTADORES;0;0;0;0;0;0;0;0;0;0;0;0;0;0;0;Reprovado por Freqüência;2016; 1° Semestre;3;201
134910;Aprovado;ML11;21352183;IE07;Matemática - Licenciatura;IEC081;INTRODUÇÃO A CIÊNCIA DOS COMPUTADORES;0;0;0;0;0;0;0;0;0;0;0;0;0;0;5,03;Aprovado;2016; 1° Semestre;1;201
134910;Reprovado por Nota;ML11;20902904;IE07;Matemática - Licenciatura;IEC081;INTRODUÇÃO A CIÊNCIA DOS COMPUTADORES;0;0;0;0;0;0;0;0;0;0;0;0;0;0;3,51;Reprovado por Nota;2016; 1° Semestre;2;201
134910;Trancado;ML11;21553927;IE07;Matemática - Licenciatura;IEC081;INTRODUÇÃO A CIÊNCIA DOS COMPUTADORES;0;0;0;0;0;0;0;0;0;0;0;0;0;0;0;Trancado;2016; 1° Semestre;5;201
134910;Reprovado por Freqüência;ML11;21555411;IE07;Matemática - Licenciatura;IEC081;INTRODUÇÃO A CIÊNCIA DOS COMPUTADORES;0;0;0;0;0;0;0;0;0;0;0;0;0;0;0,03;Reprovado por Freqüência;2016; 1° Semestre;3;201
134910;Trancado;ML11;20710302;IE07;Matemática - Licenciatura;IEC081;INTRODUÇÃO A CIÊNCIA DOS COMPUTADORES;0;0;0;0;0;0;0;0;0;0;0;0;0;0;0;Trancado;2016; 1° Semestre;5;201
134910;Reprovado por Nota;ML11;21204546;IE07;Matemática - Licenciatura;IEC081;INTRODUÇÃO A CIÊNCIA DOS COMPUTADORES;0;0;0;0;0;0;0;0;0;0;0;0;0;0;3,09;Reprovado por Nota;2016; 1° Semestre;2;201
134910;Aprovado;ML11;21455372;IE07;Matemática - Licenciatura;IEC081;INTRODUÇÃO A CIÊNCIA DOS COMPUTADORES;0;0;0;0;0;0;0;0;0;0;0;0;0;0;6,28;Aprovado;2016; 1° Semestre;1;201
134910;Trancado;ML11;21001116;IE07;Matemática - Licenciatura;IEC081;INTRODUÇÃO A CIÊNCIA DOS COMPUTADORES;0;0;0;0;0;0;0;0;0;0;0;0;0;0;0;Trancado;2016; 1° Semestre;5;201
134910;Reprovado por Freqüência;ML11;21453568;IE07;Matemática - Licenciatura;IEC081;INTRODUÇÃO A CIÊNCIA DOS COMPUTADORES;0;0;0;0;0;0;0;0;0;0;0;0;0;0;0;Reprovado por Freqüência;2016; 1° Semestre;3;201
134910;Aprovado;ML11;21201029;IE07;Matemática - Licenciatura;IEC081;INTRODUÇÃO A CIÊNCIA DOS COMPUTADORES;0;0;0;0;0;0;0;0;0;0;0;0;0;0;5,99;Aprovado;2016; 1° Semestre;1;201
134910;Trancado;ML11;20901516;IE07;Matemática - Licenciatura;IEC081;INTRODUÇÃO A CIÊNCIA DOS COMPUTADORES;0;0;0;0;0;0;0;0;0;0;0;0;0;0;0;Trancado;2016; 1° Semestre;5;201
134910;Reprovado por Freqüência;ML11;21005514;IE07;Matemática - Licenciatura;IEC081;INTRODUÇÃO A CIÊNCIA DOS COMPUTADORES;0;0;0;0;0;0;0;0;0;0;0;0;0;0;0;Reprovado por Freqüência;2016; 1° Semestre;3;201
134910;Reprovado por Freqüência;ML11;20902419;IE07;Matemática - Licenciatura;IEC081;INTRODUÇÃO A CIÊNCIA DOS COMPUTADORES;0;0;0;0;0;0;0;0;0;0;0;0;0;0;0;Reprovado por Freqüência;2016; 1° Semestre;3;201
134910;Trancado;ML11;21453573;IE07;Matemática - Licenciatura;IEC081;INTRODUÇÃO A CIÊNCIA DOS COMPUTADORES;0;0;0;0;0;0;0;0;0;0;0;0;0;0;0;Trancado;2016; 1° Semestre;5;201
134910;Aprovado;ML11;21354838;IE07;Matemática - Licenciatura;IEC081;INTRODUÇÃO A CIÊNCIA DOS COMPUTADORES;0;0;0;0;0;0;0;0;0;0;0;0;0;0;5,01;Aprovado;2016; 1° Semestre;1;201
134910;Aprovado;ML11;21554030;IE07;Matemática - Licenciatura;IEC081;INTRODUÇÃO A CIÊNCIA DOS COMPUTADORES;0;0;0;0;0;0;0;0;0;0;0;0;0;0;8,73;Aprovado;2016; 1° Semestre;1;201
134910;Aprovado;ML11;21551943;IE07;Matemática - Licenciatura;IEC081;INTRODUÇÃO A CIÊNCIA DOS COMPUTADORES;0;0;0;0;0;0;0;0;0;0;0;0;0;0;6,49;Aprovado;2016; 1° Semestre;1;201
134910;Reprovado por Freqüência;ML11;21201754;IE07;Matemática - Licenciatura;IEC081;INTRODUÇÃO A CIÊNCIA DOS COMPUTADORES;0;0;0;0;0;0;0;0;0;0;0;0;0;0;0;Reprovado por Freqüência;2016; 1° Semestre;3;201
134910;Reprovado por Freqüência;ML11;21201557;IE07;Matemática - Licenciatura;IEC081;INTRODUÇÃO A CIÊNCIA DOS COMPUTADORES;0;0;0;0;0;0;0;0;0;0;0;0;0;0;0;Reprovado por Freqüência;2016; 1° Semestre;3;201
134910;Trancado;ML11;21554907;IE07;Matemática - Licenciatura;IEC081;INTRODUÇÃO A CIÊNCIA DOS COMPUTADORES;0;0;0;0;0;0;0;0;0;0;0;0;0;0;0;Trancado;2016; 1° Semestre;5;201
134910;Aprovado;ML11;21553852;IE07;Matemática - Licenciatura;IEC081;INTRODUÇÃO A CIÊNCIA DOS COMPUTADORES;0;0;0;0;0;0;0;0;0;0;0;0;0;0;6,13;Aprovado;2016; 1° Semestre;1;201
134910;Trancado;ML11;21553974;IE07;Matemática - Licenciatura;IEC081;INTRODUÇÃO A CIÊNCIA DOS COMPUTADORES;0;0;0;0;0;0;0;0;0;0;0;0;0;0;0;Trancado;2016; 1° Semestre;5;201
134910;Aprovado;ML11;21551610;IE07;Matemática - Licenciatura;IEC081;INTRODUÇÃO A CIÊNCIA DOS COMPUTADORES;0;0;0;0;0;0;0;0;0;0;0;0;0;0;9,4;Aprovado;2016; 1° Semestre;1;201
134910;Reprovado por Freqüência;ML11;21552507;IE07;Matemática - Licenciatura;IEC081;INTRODUÇÃO A CIÊNCIA DOS COMPUTADORES;0;0;0;0;0;0;0;0;0;0;0;0;0;0;0,85;Reprovado por Freqüência;2016; 1° Semestre;3;201
134910;Reprovado por Nota;ML11;21553902;IE07;Matemática - Licenciatura;IEC081;INTRODUÇÃO A CIÊNCIA DOS COMPUTADORES;0;0;0;0;0;0;0;0;0;0;0;0;0;0;1,83;Reprovado por Nota;2016; 1° Semestre;2;201
134910;Reprovado por Freqüência;ML11;21550900;IE07;Matemática - Licenciatura;IEC081;INTRODUÇÃO A CIÊNCIA DOS COMPUTADORES;0;0;0;0;0;0;0;0;0;0;0;0;0;0;4,52;Reprovado por Freqüência;2016; 1° Semestre;3;201
134910;Trancado;ML11;21554889;IE07;Matemática - Licenciatura;IEC081;INTRODUÇÃO A CIÊNCIA DOS COMPUTADORES;0;0;0;0;0;0;0;0;0;0;0;0;0;0;0;Trancado;2016; 1° Semestre;5;201
134910;Reprovado por Freqüência;ML11;21453576;IE07;Matemática - Licenciatura;IEC081;INTRODUÇÃO A CIÊNCIA DOS COMPUTADORES;0;0;0;0;0;0;0;0;0;0;0;0;0;0;0;Reprovado por Freqüência;2016; 1° Semestre;3;201
134910;Trancado;ML11;21553973;IE07;Matemática - Licenciatura;IEC081;INTRODUÇÃO A CIÊNCIA DOS COMPUTADORES;0;0;0;0;0;0;0;0;0;0;0;0;0;0;0;Trancado;2016; 1° Semestre;5;201
134910;Aprovado;ML11;21553859;IE07;Matemática - Licenciatura;IEC081;INTRODUÇÃO A CIÊNCIA DOS COMPUTADORES;0;0;0;0;0;0;0;0;0;0;0;0;0;0;9,15;Aprovado;2016; 1° Semestre;1;201
134910;Reprovado por Freqüência;ML11;21004978;IE07;Matemática - Licenciatura;IEC081;INTRODUÇÃO A CIÊNCIA DOS COMPUTADORES;0;0;0;0;0;0;0;0;0;0;0;0;0;0;0;Reprovado por Freqüência;2016; 1° Semestre;3;201
134910;Reprovado por Freqüência;ML11;21552244;IE07;Matemática - Licenciatura;IEC081;INTRODUÇÃO A CIÊNCIA DOS COMPUTADORES;0;0;0;0;0;0;0;0;0;0;0;0;0;0;0;Reprovado por Freqüência;2016; 1° Semestre;3;201
134910;Aprovado;ML11;21552015;IE07;Matemática - Licenciatura;IEC081;INTRODUÇÃO A CIÊNCIA DOS COMPUTADORES;0;0;0;0;0;0;0;0;0;0;0;0;0;0;8,69;Aprovado;2016; 1° Semestre;1;201
134910;Reprovado por Nota;ML11;21553784;IE07;Matemática - Licenciatura;IEC081;INTRODUÇÃO A CIÊNCIA DOS COMPUTADORES;0;0;0;0;0;0;0;0;0;0;0;0;0;0;3,46;Reprovado por Nota;2016; 1° Semestre;2;201
134910;Aprovado;ML11;21550890;IE07;Matemática - Licenciatura;IEC081;INTRODUÇÃO A CIÊNCIA DOS COMPUTADORES;0;0;0;0;0;0;0;0;0;0;0;0;0;0;6,67;Aprovado;2016; 1° Semestre;1;201
134910;Aprovado;ML11;21353586;IE07;Matemática - Licenciatura;IEC081;INTRODUÇÃO A CIÊNCIA DOS COMPUTADORES;0;0;0;0;0;0;0;0;0;0;0;0;0;0;5,46;Aprovado;2016; 1° Semestre;1;201
134910;Aprovado;ML11;21651343;IE07;Matemática - Licenciatura;IEC081;INTRODUÇÃO A CIÊNCIA DOS COMPUTADORES;0;0;0;0;0;0;0;0;0;0;0;0;0;0;6,91;Aprovado;2016; 1° Semestre;1;201
134910;Aprovado;ML11;21553853;IE07;Matemática - Licenciatura;IEC081;INTRODUÇÃO A CIÊNCIA DOS COMPUTADORES;0;0;0;0;0;0;0;0;0;0;0;0;0;0;7,73;Aprovado;2016; 1° Semestre;1;201
134910;Reprovado por Freqüência;ML11;21352180;IE07;Matemática - Licenciatura;IEC081;INTRODUÇÃO A CIÊNCIA DOS COMPUTADORES;0;0;0;0;0;0;0;0;0;0;0;0;0;0;2;Reprovado por Freqüência;2016; 1° Semestre;3;201
134910;Reprovado por Nota;ML11;21454548;IE07;Matemática - Licenciatura;IEC081;INTRODUÇÃO A CIÊNCIA DOS COMPUTADORES;0;0;0;0;0;0;0;0;0;0;0;0;0;0;2,01;Reprovado por Nota;2016; 1° Semestre;2;201
134910;Reprovado por Nota;ML11;20902680;IE07;Matemática - Licenciatura;IEC081;INTRODUÇÃO A CIÊNCIA DOS COMPUTADORES;0;0;0;0;0;0;0;0;0;0;0;0;0;0;3,15;Reprovado por Nota;2016; 1° Semestre;2;201
134910;Trancado;ML11;21553862;IE07;Matemática - Licenciatura;IEC081;INTRODUÇÃO A CIÊNCIA DOS COMPUTADORES;0;0;0;0;0;0;0;0;0;0;0;0;0;0;0;Trancado;2016; 1° Semestre;5;201
134910;Reprovado por Freqüência;ML11;21100415;IE07;Matemática - Licenciatura;IEC081;INTRODUÇÃO A CIÊNCIA DOS COMPUTADORES;0;0;0;0;0;0;0;0;0;0;0;0;0;0;0,25;Reprovado por Freqüência;2016; 1° Semestre;3;201
134910;Reprovado por Freqüência;ML11;21203443;IE07;Matemática - Licenciatura;IEC081;INTRODUÇÃO A CIÊNCIA DOS COMPUTADORES;0;0;0;0;0;0;0;0;0;0;0;0;0;0;0;Reprovado por Freqüência;2016; 1° Semestre;3;201
134910;Aprovado;ML11;21101596;IE07;Matemática - Licenciatura;IEC081;INTRODUÇÃO A CIÊNCIA DOS COMPUTADORES;0;0;0;0;0;0;0;0;0;0;0;0;0;0;5,75;Aprovado;2016; 1° Semestre;1;201
134910;Trancado;ML11;21201609;IE07;Matemática - Licenciatura;IEC081;INTRODUÇÃO A CIÊNCIA DOS COMPUTADORES;0;0;0;0;0;0;0;0;0;0;0;0;0;0;0;Trancado;2016; 1° Semestre;5;201
134910;Aprovado;ML11;21456526;IE07;Matemática - Licenciatura;IEC081;INTRODUÇÃO A CIÊNCIA DOS COMPUTADORES;0;0;0;0;0;0;0;0;0;0;0;0;0;0;5,01;Aprovado;2016; 1° Semestre;1;201
134910;Aprovado;ML11;21553864;IE07;Matemática - Licenciatura;IEC081;INTRODUÇÃO A CIÊNCIA DOS COMPUTADORES;0;0;0;0;0;0;0;0;0;0;0;0;0;0;6,35;Aprovado;2016; 1° Semestre;1;201
134910;Aprovado;ML11;21552446;IE07;Matemática - Licenciatura;IEC081;INTRODUÇÃO A CIÊNCIA DOS COMPUTADORES;0;0;0;0;0;0;0;0;0;0;0;0;0;0;6,22;Aprovado;2016; 1° Semestre;1;201
134910;Aprovado;ML11;21551611;IE07;Matemática - Licenciatura;IEC081;INTRODUÇÃO A CIÊNCIA DOS COMPUTADORES;0;0;0;0;0;0;0;0;0;0;0;0;0;0;6,42;Aprovado;2016; 1° Semestre;1;201
134910;Reprovado por Freqüência;ML11;21102561;IE07;Matemática - Licenciatura;IEC081;INTRODUÇÃO A CIÊNCIA DOS COMPUTADORES;0;0;0;0;0;0;0;0;0;0;0;0;0;0;0;Reprovado por Freqüência;2016; 1° Semestre;3;201
134910;Aprovado;ML11;21555415;IE07;Matemática - Licenciatura;IEC081;INTRODUÇÃO A CIÊNCIA DOS COMPUTADORES;0;0;0;0;0;0;0;0;0;0;0;0;0;0;5,26;Aprovado;2016; 1° Semestre;1;201
134736;Reprovado por Freqüência;FL01;21106865;IE13;Física - Licenciatura;IEC081;INTRODUÇÃO A CIÊNCIA DOS COMPUTADORES;0;0;0;0;0;0;0;0;0;0;0;0;0;0;1,54;Reprovado por Freqüência;2016; 1° Semestre;3;201
134736;Trancado;FL01;21555270;IE13;Física - Licenciatura;IEC081;INTRODUÇÃO A CIÊNCIA DOS COMPUTADORES;0;0;0;0;0;0;0;0;0;0;0;0;0;0;0;Trancado;2016; 1° Semestre;5;201
134736;Trancado;FL01;21555500;IE13;Física - Licenciatura;IEC081;INTRODUÇÃO A CIÊNCIA DOS COMPUTADORES;0;0;0;0;0;0;0;0;0;0;0;0;0;0;0;Trancado;2016; 1° Semestre;5;201
134736;Reprovado por Freqüência;FL01;21551598;IE13;Física - Licenciatura;IEC081;INTRODUÇÃO A CIÊNCIA DOS COMPUTADORES;0;0;0;0;0;0;0;0;0;0;0;0;0;0;0;Reprovado por Freqüência;2016; 1° Semestre;3;201
134736;Reprovado por Freqüência;FL01;21554894;IE13;Física - Licenciatura;IEC081;INTRODUÇÃO A CIÊNCIA DOS COMPUTADORES;0;0;0;0;0;0;0;0;0;0;0;0;0;0;0;Reprovado por Freqüência;2016; 1° Semestre;3;201
134736;Reprovado por Nota;FL01;21353689;IE13;Física - Licenciatura;IEC081;INTRODUÇÃO A CIÊNCIA DOS COMPUTADORES;0;0;0;0;0;0;0;0;0;0;0;0;0;0;2,62;Reprovado por Nota;2016; 1° Semestre;2;201
134736;Reprovado por Freqüência;FL01;20901418;IE13;Física - Licenciatura;IEC081;INTRODUÇÃO A CIÊNCIA DOS COMPUTADORES;0;0;0;0;0;0;0;0;0;0;0;0;0;0;0;Reprovado por Freqüência;2016; 1° Semestre;3;201
134736;Trancado;FL01;21555037;IE13;Física - Licenciatura;IEC081;INTRODUÇÃO A CIÊNCIA DOS COMPUTADORES;0;0;0;0;0;0;0;0;0;0;0;0;0;0;0;Trancado;2016; 1° Semestre;5;201
134736;Trancado;FL01;21206126;IE13;Física - Licenciatura;IEC081;INTRODUÇÃO A CIÊNCIA DOS COMPUTADORES;0;0;0;0;0;0;0;0;0;0;0;0;0;0;0;Trancado;2016; 1° Semestre;5;201
134736;Reprovado por Freqüência;FL01;21550319;IE13;Física - Licenciatura;IEC081;INTRODUÇÃO A CIÊNCIA DOS COMPUTADORES;0;0;0;0;0;0;0;0;0;0;0;0;0;0;2,09;Reprovado por Freqüência;2016; 1° Semestre;3;201
134736;Trancado;FL01;21453520;IE13;Física - Licenciatura;IEC081;INTRODUÇÃO A CIÊNCIA DOS COMPUTADORES;0;0;0;0;0;0;0;0;0;0;0;0;0;0;0;Trancado;2016; 1° Semestre;5;201
134736;Trancado;FL01;21150082;IE13;Física - Licenciatura;IEC081;INTRODUÇÃO A CIÊNCIA DOS COMPUTADORES;0;0;0;0;0;0;0;0;0;0;0;0;0;0;0;Trancado;2016; 1° Semestre;5;201
134736;Aprovado;FL01;21553804;IE13;Física - Licenciatura;IEC081;INTRODUÇÃO A CIÊNCIA DOS COMPUTADORES;0;0;0;0;0;0;0;0;0;0;0;0;0;0;5,06;Aprovado;2016; 1° Semestre;1;201
134736;Trancado;FL01;21453512;IE13;Física - Licenciatura;IEC081;INTRODUÇÃO A CIÊNCIA DOS COMPUTADORES;0;0;0;0;0;0;0;0;0;0;0;0;0;0;0;Trancado;2016; 1° Semestre;5;201
134736;Aprovado;FL01;21551597;IE13;Física - Licenciatura;IEC081;INTRODUÇÃO A CIÊNCIA DOS COMPUTADORES;0;0;0;0;0;0;0;0;0;0;0;0;0;0;5,5;Aprovado;2016; 1° Semestre;1;201
134736;Reprovado por Freqüência;FL01;21002668;IE13;Física - Licenciatura;IEC081;INTRODUÇÃO A CIÊNCIA DOS COMPUTADORES;0;0;0;0;0;0;0;0;0;0;0;0;0;0;0;Reprovado por Freqüência;2016; 1° Semestre;3;201
134736;Aprovado;FL01;21204615;IE13;Física - Licenciatura;IEC081;INTRODUÇÃO A CIÊNCIA DOS COMPUTADORES;0;0;0;0;0;0;0;0;0;0;0;0;0;0;5,47;Aprovado;2016; 1° Semestre;1;201
134736;Trancado;FL01;21552111;IE13;Física - Licenciatura;IEC081;INTRODUÇÃO A CIÊNCIA DOS COMPUTADORES;0;0;0;0;0;0;0;0;0;0;0;0;0;0;0;Trancado;2016; 1° Semestre;5;201
134736;Reprovado por Freqüência;FL01;21555269;IE13;Física - Licenciatura;IEC081;INTRODUÇÃO A CIÊNCIA DOS COMPUTADORES;0;0;0;0;0;0;0;0;0;0;0;0;0;0;0;Reprovado por Freqüência;2016; 1° Semestre;3;201
134736;Trancado;FL01;21552006;IE13;Física - Licenciatura;IEC081;INTRODUÇÃO A CIÊNCIA DOS COMPUTADORES;0;0;0;0;0;0;0;0;0;0;0;0;0;0;0;Trancado;2016; 1° Semestre;5;201
134736;Trancado;FL01;21552469;IE13;Física - Licenciatura;IEC081;INTRODUÇÃO A CIÊNCIA DOS COMPUTADORES;0;0;0;0;0;0;0;0;0;0;0;0;0;0;0;Trancado;2016; 1° Semestre;5;201
134736;Trancado;FL01;21453516;IE13;Física - Licenciatura;IEC081;INTRODUÇÃO A CIÊNCIA DOS COMPUTADORES;0;0;0;0;0;0;0;0;0;0;0;0;0;0;0;Trancado;2016; 1° Semestre;5;201
134736;Trancado;FL01;21553951;IE13;Física - Licenciatura;IEC081;INTRODUÇÃO A CIÊNCIA DOS COMPUTADORES;0;0;0;0;0;0;0;0;0;0;0;0;0;0;0;Trancado;2016; 1° Semestre;5;201
134736;Aprovado;FL01;21353686;IE13;Física - Licenciatura;IEC081;INTRODUÇÃO A CIÊNCIA DOS COMPUTADORES;0;0;0;0;0;0;0;0;0;0;0;0;0;0;5,02;Aprovado;2016; 1° Semestre;1;201
134736;Aprovado;FL01;21650892;IE13;Física - Licenciatura;IEC081;INTRODUÇÃO A CIÊNCIA DOS COMPUTADORES;0;0;0;0;0;0;0;0;0;0;0;0;0;0;8,86;Aprovado;2016; 1° Semestre;1;201
134736;Reprovado por Nota;FL01;21200999;IE13;Física - Licenciatura;IEC081;INTRODUÇÃO A CIÊNCIA DOS COMPUTADORES;0;0;0;0;0;0;0;0;0;0;0;0;0;0;1,35;Reprovado por Nota;2016; 1° Semestre;2;201
134736;Trancado;FL01;20902329;IE13;Física - Licenciatura;IEC081;INTRODUÇÃO A CIÊNCIA DOS COMPUTADORES;0;0;0;0;0;0;0;0;0;0;0;0;0;0;0;Trancado;2016; 1° Semestre;5;201
134736;Reprovado por Freqüência;FL01;21353699;IE13;Física - Licenciatura;IEC081;INTRODUÇÃO A CIÊNCIA DOS COMPUTADORES;0;0;0;0;0;0;0;0;0;0;0;0;0;0;0;Reprovado por Freqüência;2016; 1° Semestre;3;201
134736;Trancado;FL01;21553803;IE13;Física - Licenciatura;IEC081;INTRODUÇÃO A CIÊNCIA DOS COMPUTADORES;0;0;0;0;0;0;0;0;0;0;0;0;0;0;0;Trancado;2016; 1° Semestre;5;201
134736;Trancado;FL01;21553809;IE13;Física - Licenciatura;IEC081;INTRODUÇÃO A CIÊNCIA DOS COMPUTADORES;0;0;0;0;0;0;0;0;0;0;0;0;0;0;0;Trancado;2016; 1° Semestre;5;201
134736;Trancado;FL01;21553955;IE13;Física - Licenciatura;IEC081;INTRODUÇÃO A CIÊNCIA DOS COMPUTADORES;0;0;0;0;0;0;0;0;0;0;0;0;0;0;0;Trancado;2016; 1° Semestre;5;201
134736;Reprovado por Freqüência;FL01;21100169;IE13;Física - Licenciatura;IEC081;INTRODUÇÃO A CIÊNCIA DOS COMPUTADORES;0;0;0;0;0;0;0;0;0;0;0;0;0;0;1,3;Reprovado por Freqüência;2016; 1° Semestre;3;201
134736;Trancado;FL01;21553908;IE13;Física - Licenciatura;IEC081;INTRODUÇÃO A CIÊNCIA DOS COMPUTADORES;0;0;0;0;0;0;0;0;0;0;0;0;0;0;0;Trancado;2016; 1° Semestre;5;201
134736;Aprovado;FL01;21552005;IE13;Física - Licenciatura;IEC081;INTRODUÇÃO A CIÊNCIA DOS COMPUTADORES;0;0;0;0;0;0;0;0;0;0;0;0;0;0;9,16;Aprovado;2016; 1° Semestre;1;201
134308;Trancado;FB01;21355140;IE14;Física - Bacharelado;IEC081;INTRODUÇÃO A CIÊNCIA DOS COMPUTADORES;0;0;0;0;0;0;0;0;0;0;0;0;0;0;0;Trancado;2016; 1° Semestre;5;201
134308;Aprovado;FB01;21553794;IE14;Física - Bacharelado;IEC081;INTRODUÇÃO A CIÊNCIA DOS COMPUTADORES;0;0;0;0;0;0;0;0;0;0;0;0;0;0;5,93;Aprovado;2016; 1° Semestre;1;201
134308;Trancado;FB01;21351473;IE14;Física - Bacharelado;IEC081;INTRODUÇÃO A CIÊNCIA DOS COMPUTADORES;0;0;0;0;0;0;0;0;0;0;0;0;0;0;0;Trancado;2016; 1° Semestre;5;201
134308;Trancado;FB01;21553857;IE14;Física - Bacharelado;IEC081;INTRODUÇÃO A CIÊNCIA DOS COMPUTADORES;0;0;0;0;0;0;0;0;0;0;0;0;0;0;0;Trancado;2016; 1° Semestre;5;201
134308;Reprovado por Freqüência;FB01;21555474;IE14;Física - Bacharelado;IEC081;INTRODUÇÃO A CIÊNCIA DOS COMPUTADORES;0;0;0;0;0;0;0;0;0;0;0;0;0;0;0;Reprovado por Freqüência;2016; 1° Semestre;3;201
134308;Trancado;FB01;21201083;IE14;Física - Bacharelado;IEC081;INTRODUÇÃO A CIÊNCIA DOS COMPUTADORES;0;0;0;0;0;0;0;0;0;0;0;0;0;0;0;Trancado;2016; 1° Semestre;5;201
134308;Reprovado por Freqüência;FB01;21552485;IE14;Física - Bacharelado;IEC081;INTRODUÇÃO A CIÊNCIA DOS COMPUTADORES;0;0;0;0;0;0;0;0;0;0;0;0;0;0;0;Reprovado por Freqüência;2016; 1° Semestre;3;201
134308;Aprovado;FB01;21457075;IE14;Física - Bacharelado;IEC081;INTRODUÇÃO A CIÊNCIA DOS COMPUTADORES;0;0;0;0;0;0;0;0;0;0;0;0;0;0;5,14;Aprovado;2016; 1° Semestre;1;201
134308;Trancado;FB01;21354668;IE14;Física - Bacharelado;IEC081;INTRODUÇÃO A CIÊNCIA DOS COMPUTADORES;0;0;0;0;0;0;0;0;0;0;0;0;0;0;0;Trancado;2016; 1° Semestre;5;201
134308;Reprovado por Freqüência;FB01;21553798;IE14;Física - Bacharelado;IEC081;INTRODUÇÃO A CIÊNCIA DOS COMPUTADORES;0;0;0;0;0;0;0;0;0;0;0;0;0;0;0;Reprovado por Freqüência;2016; 1° Semestre;3;201
134308;Trancado;FB01;21554891;IE14;Física - Bacharelado;IEC081;INTRODUÇÃO A CIÊNCIA DOS COMPUTADORES;0;0;0;0;0;0;0;0;0;0;0;0;0;0;0;Trancado;2016; 1° Semestre;5;201
134308;Reprovado por Freqüência;FB01;21106847;IE14;Física - Bacharelado;IEC081;INTRODUÇÃO A CIÊNCIA DOS COMPUTADORES;0;0;0;0;0;0;0;0;0;0;0;0;0;0;0;Reprovado por Freqüência;2016; 1° Semestre;3;201
134308;Reprovado por Freqüência;FB01;21354671;IE14;Física - Bacharelado;IEC081;INTRODUÇÃO A CIÊNCIA DOS COMPUTADORES;0;0;0;0;0;0;0;0;0;0;0;0;0;0;0;Reprovado por Freqüência;2016; 1° Semestre;3;201
134308;Trancado;FB01;21553797;IE14;Física - Bacharelado;IEC081;INTRODUÇÃO A CIÊNCIA DOS COMPUTADORES;0;0;0;0;0;0;0;0;0;0;0;0;0;0;0;Trancado;2016; 1° Semestre;5;201
134308;Aprovado;FB01;21555182;IE14;Física - Bacharelado;IEC081;INTRODUÇÃO A CIÊNCIA DOS COMPUTADORES;0;0;0;0;0;0;0;0;0;0;0;0;0;0;5;Aprovado;2016; 1° Semestre;1;201
134308;Aprovado;FB01;21456360;IE14;Física - Bacharelado;IEC081;INTRODUÇÃO A CIÊNCIA DOS COMPUTADORES;0;0;0;0;0;0;0;0;0;0;0;0;0;0;7,83;Aprovado;2016; 1° Semestre;1;201
134308;Reprovado por Freqüência;FB01;21555573;IE14;Física - Bacharelado;IEC081;INTRODUÇÃO A CIÊNCIA DOS COMPUTADORES;0;0;0;0;0;0;0;0;0;0;0;0;0;0;0;Reprovado por Freqüência;2016; 1° Semestre;3;201
134308;Reprovado por Freqüência;FB01;21353712;IE14;Física - Bacharelado;IEC081;INTRODUÇÃO A CIÊNCIA DOS COMPUTADORES;0;0;0;0;0;0;0;0;0;0;0;0;0;0;0;Reprovado por Freqüência;2016; 1° Semestre;3;201
134308;Reprovado por Nota;FB01;21353708;IE14;Física - Bacharelado;IEC081;INTRODUÇÃO A CIÊNCIA DOS COMPUTADORES;0;0;0;0;0;0;0;0;0;0;0;0;0;0;3,95;Reprovado por Nota;2016; 1° Semestre;2;201
134308;Reprovado por Freqüência;FB01;21550315;IE14;Física - Bacharelado;IEC081;INTRODUÇÃO A CIÊNCIA DOS COMPUTADORES;0;0;0;0;0;0;0;0;0;0;0;0;0;0;0;Reprovado por Freqüência;2016; 1° Semestre;3;201
134308;Reprovado por Freqüência;FB01;21353703;IE14;Física - Bacharelado;IEC081;INTRODUÇÃO A CIÊNCIA DOS COMPUTADORES;0;0;0;0;0;0;0;0;0;0;0;0;0;0;0;Reprovado por Freqüência;2016; 1° Semestre;3;201
134308;Trancado;FB01;21203491;IE14;Física - Bacharelado;IEC081;INTRODUÇÃO A CIÊNCIA DOS COMPUTADORES;0;0;0;0;0;0;0;0;0;0;0;0;0;0;0;Trancado;2016; 1° Semestre;5;201
134308;Aprovado;FB01;21552009;IE14;Física - Bacharelado;IEC081;INTRODUÇÃO A CIÊNCIA DOS COMPUTADORES;0;0;0;0;0;0;0;0;0;0;0;0;0;0;7,4;Aprovado;2016; 1° Semestre;1;201
134308;Aprovado;FB01;21455815;IE14;Física - Bacharelado;IEC081;INTRODUÇÃO A CIÊNCIA DOS COMPUTADORES;0;0;0;0;0;0;0;0;0;0;0;0;0;0;7,21;Aprovado;2016; 1° Semestre;1;201
134308;Aprovado;FB01;21551607;IE14;Física - Bacharelado;IEC081;INTRODUÇÃO A CIÊNCIA DOS COMPUTADORES;0;0;0;0;0;0;0;0;0;0;0;0;0;0;7,53;Aprovado;2016; 1° Semestre;1;201
134308;Aprovado;FB01;21551469;IE14;Física - Bacharelado;IEC081;INTRODUÇÃO A CIÊNCIA DOS COMPUTADORES;0;0;0;0;0;0;0;0;0;0;0;0;0;0;9,34;Aprovado;2016; 1° Semestre;1;201
134308;Trancado;FB01;21554022;IE14;Física - Bacharelado;IEC081;INTRODUÇÃO A CIÊNCIA DOS COMPUTADORES;0;0;0;0;0;0;0;0;0;0;0;0;0;0;0;Trancado;2016; 1° Semestre;5;201
134308;Reprovado por Freqüência;FB01;21455308;IE14;Física - Bacharelado;IEC081;INTRODUÇÃO A CIÊNCIA DOS COMPUTADORES;0;0;0;0;0;0;0;0;0;0;0;0;0;0;0;Reprovado por Freqüência;2016; 1° Semestre;3;201
134308;Reprovado por Freqüência;FB01;20753090;IE14;Física - Bacharelado;IEC081;INTRODUÇÃO A CIÊNCIA DOS COMPUTADORES;0;0;0;0;0;0;0;0;0;0;0;0;0;0;0;Reprovado por Freqüência;2016; 1° Semestre;3;201
134308;Trancado;FB01;21453497;IE14;Física - Bacharelado;IEC081;INTRODUÇÃO A CIÊNCIA DOS COMPUTADORES;0;0;0;0;0;0;0;0;0;0;0;0;0;0;0;Trancado;2016; 1° Semestre;5;201
134308;Trancado;FB01;21553949;IE14;Física - Bacharelado;IEC081;INTRODUÇÃO A CIÊNCIA DOS COMPUTADORES;0;0;0;0;0;0;0;0;0;0;0;0;0;0;0;Trancado;2016; 1° Semestre;5;201
134308;Aprovado;FB01;21205006;IE14;Física - Bacharelado;IEC081;INTRODUÇÃO A CIÊNCIA DOS COMPUTADORES;0;0;0;0;0;0;0;0;0;0;0;0;0;0;8,11;Aprovado;2016; 1° Semestre;1;201
134308;Aprovado;FB01;21553948;IE14;Física - Bacharelado;IEC081;INTRODUÇÃO A CIÊNCIA DOS COMPUTADORES;0;0;0;0;0;0;0;0;0;0;0;0;0;0;6,92;Aprovado;2016; 1° Semestre;1;201
134308;Trancado;FB01;21555085;IE14;Física - Bacharelado;IEC081;INTRODUÇÃO A CIÊNCIA DOS COMPUTADORES;0;0;0;0;0;0;0;0;0;0;0;0;0;0;0;Trancado;2016; 1° Semestre;5;201
