MATR_ALUNO;COD_CURSO;CURSO;NOME_CURSO;COD_ATIV_CURRIC;NOME_ATIV_CURRIC;MEDIA_FINAL;DESCR_SITUACAO_1;ANO;DESCR_PERIODO;SITUACAO_ITEM;PERIODIZADO;FORMA_INGRESSO;PSELETIVO;COTA;ANO_INGRESSO;EXP_PROG;REPET;IEM012;IEM011;SEXO;IDADE;NU_NOTA_L;NU_NOTA_CH;NU_NOTA_CN;NU_NOTA_M;NU_NOTA_R;MedEnem;CR;N_LOGINS;N_TESTES;N_SUBMISSOES;N_EX_CORRETOS;N_EX_NCORRETOS;TOTAL_TEMPO_IDE_SEG
21750632;FT08;FT08;Engenharia de Materiais;IEC037;INTRODUÇÃO A PROGRAMAÇÃO DE COMPUTADORES;7,6;Aprovado;2017; 1° Semestre;1;yes;PSC - AC (Ampla Concorrência);PSC;AC;2017;yes;0;0;1,65;F;18;#N/D;#N/D;#N/D;#N/D;#N/D;#N/D;4,521666667;61;142;163;74;0;19685
21750095;FT08;FT08;Engenharia de Materiais;IEC037;INTRODUÇÃO A PROGRAMAÇÃO DE COMPUTADORES;7,92;Aprovado;2017; 1° Semestre;1;yes;PSC - AC (Ampla Concorrência);PSC;AC;2017;yes;0;0,22;5;M;18;#N/D;#N/D;#N/D;#N/D;#N/D;#N/D;5,558333333;122;310;275;83;1;29726
21751273;FT08;FT08;Engenharia de Materiais;IEC037;INTRODUÇÃO A PROGRAMAÇÃO DE COMPUTADORES;2,35;Reprovado por Nota;2017; 1° Semestre;2;yes;PSC - NDC1 (Esc. Pub., Renda até 1.5);PSC;Renda;2017;no;0;0,22;0,64;F;17;#N/D;#N/D;#N/D;#N/D;#N/D;#N/D;1,871666667;65;325;209;65;1;34276
21754475;FT08;FT08;Engenharia de Materiais;IEC037;INTRODUÇÃO A PROGRAMAÇÃO DE COMPUTADORES;9,69;Aprovado;2017; 1° Semestre;1;yes;SISU - AC (Ampla Concorrência);SISU;AC;2017;no;0;1,18;5,56;F;18;573,9;598,2;543,2;707,2;840;652,5;6,713333333;216;1849;363;87;0;99705
21751920;FT08;FT08;Engenharia de Materiais;IEC037;INTRODUÇÃO A PROGRAMAÇÃO DE COMPUTADORES;6,85;Aprovado;2017; 1° Semestre;1;yes;PSC - PPI2 (Esc. Pub., Independe Renda);PSC;NRenda;2017;no;0;0,11;1,44;F;17;#N/D;#N/D;#N/D;#N/D;#N/D;#N/D;4,483333333;112;905;339;87;0;95316
21752744;FT08;FT08;Engenharia de Materiais;IEC037;INTRODUÇÃO A PROGRAMAÇÃO DE COMPUTADORES;5,87;Aprovado;2017; 1° Semestre;1;yes;SISU - PPI1 (Esc. Pub., Renda até 1.5);SISU;Renda;2017;yes;0;0,84;4,65;M;17;591,8;651,6;556,9;652,1;660;622,48;4,69;109;0;1;1;0;0
21753645;FT08;FT08;Engenharia de Materiais;IEC037;INTRODUÇÃO A PROGRAMAÇÃO DE COMPUTADORES;1,97;Reprovado por Nota;2017; 1° Semestre;2;yes;SISU - PPI2 (Esc. Pub., Independe Renda);SISU;NRenda;2017;yes;0;0;0,06;M;27;597,2;592,8;623,7;660,3;540;602,8;2,061666667;51;399;213;38;6;32990
21753544;FT08;FT08;Engenharia de Materiais;IEC037;INTRODUÇÃO A PROGRAMAÇÃO DE COMPUTADORES;2,34;Reprovado por Nota;2017; 1° Semestre;2;yes;SISU - PPI1 (Esc. Pub., Renda até 1.5);SISU;Renda;2017;no;0;0;0,96;F;17;593,2;623,2;573,5;558,5;740;617,68;1,833333333;159;2;4;1;1;0
21752742;FT08;FT08;Engenharia de Materiais;IEC037;INTRODUÇÃO A PROGRAMAÇÃO DE COMPUTADORES;7,63;Aprovado;2017; 1° Semestre;1;yes;SISU - AC (Ampla Concorrência);SISU;AC;2017;no;0;6,16;9,92;M;20;605,2;726,4;670,8;654,7;760;683,42;6,38;70;251;202;85;0;19818
21754316;FT08;FT08;Engenharia de Materiais;IEC037;INTRODUÇÃO A PROGRAMAÇÃO DE COMPUTADORES;8,82;Aprovado;2017; 1° Semestre;1;yes;SISU - PPI2 (Esc. Pub., Independe Renda);SISU;NRenda;2017;no;0;0,11;4,5;M;17;554,9;542,5;569,6;606,4;640;582,68;5,1;101;603;220;68;4;64910
21754476;FT08;FT08;Engenharia de Materiais;IEC037;INTRODUÇÃO A PROGRAMAÇÃO DE COMPUTADORES;7,82;Aprovado;2017; 1° Semestre;1;yes;SISU - AC (Ampla Concorrência);SISU;AC;2017;no;0;0,78;5,97;M;18;638,4;630,2;644,1;617,1;560;617,96;6,393333333;158;744;246;83;0;53851
21750629;FT08;FT08;Engenharia de Materiais;IEC037;INTRODUÇÃO A PROGRAMAÇÃO DE COMPUTADORES;8,05;Aprovado;2017; 1° Semestre;1;yes;PSC - AC (Ampla Concorrência);PSC;AC;2017;no;0;4,04;9,55;F;17;#N/D;#N/D;#N/D;#N/D;#N/D;#N/D;7,525;93;643;266;85;0;46667
21751922;FT08;FT08;Engenharia de Materiais;IEC037;INTRODUÇÃO A PROGRAMAÇÃO DE COMPUTADORES;0,13;Reprovado por Nota;2017; 1° Semestre;2;yes;PSC - PPI2 (Esc. Pub., Independe Renda);PSC;NRenda;2017;no;0;0;0,04;M;18;#N/D;#N/D;#N/D;#N/D;#N/D;#N/D;2,878333333;37;234;145;29;3;24128
21751514;FT08;FT08;Engenharia de Materiais;IEC037;INTRODUÇÃO A PROGRAMAÇÃO DE COMPUTADORES;7,08;Aprovado;2017; 1° Semestre;1;yes;PSC - PPI1 (Esc. Pub., Renda até 1.5);PSC;Renda;2017;no;0;0;0,34;F;18;#N/D;#N/D;#N/D;#N/D;#N/D;#N/D;1,065;88;105;90;50;1;7137
21750094;FT08;FT08;Engenharia de Materiais;IEC037;INTRODUÇÃO A PROGRAMAÇÃO DE COMPUTADORES;2,83;Reprovado por Nota;2017; 1° Semestre;2;yes;PSC - AC (Ampla Concorrência);PSC;AC;2017;yes;0;0,67;1,03;M;18;#N/D;#N/D;#N/D;#N/D;#N/D;#N/D;1,96;28;91;115;31;1;11779
21750635;FT08;FT08;Engenharia de Materiais;IEC037;INTRODUÇÃO A PROGRAMAÇÃO DE COMPUTADORES;8,01;Aprovado;2017; 1° Semestre;1;yes;PSC - AC (Ampla Concorrência);PSC;AC;2017;no;0;0,89;5;M;18;#N/D;#N/D;#N/D;#N/D;#N/D;#N/D;5,213333333;147;1065;396;85;0;64232
21751924;FT08;FT08;Engenharia de Materiais;IEC037;INTRODUÇÃO A PROGRAMAÇÃO DE COMPUTADORES;2,42;Reprovado por Nota;2017; 1° Semestre;2;yes;PSC - PPI2 (Esc. Pub., Independe Renda);PSC;NRenda;2017;no;0;0,11;0,65;F;19;#N/D;#N/D;#N/D;#N/D;#N/D;#N/D;2,118333333;97;291;270;77;0;36760
21750627;FT08;FT08;Engenharia de Materiais;IEC037;INTRODUÇÃO A PROGRAMAÇÃO DE COMPUTADORES;9,53;Aprovado;2017; 1° Semestre;1;yes;PSC - AC (Ampla Concorrência);PSC;AC;2017;no;0;4,41;8,47;F;17;#N/D;#N/D;#N/D;#N/D;#N/D;#N/D;7,426666667;128;724;248;86;1;75400
21751513;FT08;FT08;Engenharia de Materiais;IEC037;INTRODUÇÃO A PROGRAMAÇÃO DE COMPUTADORES;2,03;Reprovado por Nota;2017; 1° Semestre;2;yes;PSC - PPI1 (Esc. Pub., Renda até 1.5);PSC;Renda;2017;no;0;0,44;1,51;M;18;#N/D;#N/D;#N/D;#N/D;#N/D;#N/D;3,821666667;66;295;148;49;2;20602
21751515;FT08;FT08;Engenharia de Materiais;IEC037;INTRODUÇÃO A PROGRAMAÇÃO DE COMPUTADORES;9,48;Aprovado;2017; 1° Semestre;1;yes;PSC - PPI1 (Esc. Pub., Renda até 1.5);PSC;Renda;2017;no;0;1,64;3,98;F;17;#N/D;#N/D;#N/D;#N/D;#N/D;#N/D;5,08;155;829;243;86;1;61731
21752743;FT08;FT08;Engenharia de Materiais;IEC037;INTRODUÇÃO A PROGRAMAÇÃO DE COMPUTADORES;9,22;Aprovado;2017; 1° Semestre;1;yes;SISU - PPI1 (Esc. Pub., Renda até 1.5);SISU;Renda;2017;no;0;0,11;5,9;M;17;610,8;655,2;592;727,8;580;633,16;5,181666667;226;620;297;85;0;53239
21750628;FT08;FT08;Engenharia de Materiais;IEC037;INTRODUÇÃO A PROGRAMAÇÃO DE COMPUTADORES;7,84;Aprovado;2017; 1° Semestre;1;yes;PSC - AC (Ampla Concorrência);PSC;AC;2017;no;0;1,98;4,19;M;18;619;592,7;635,8;769,6;580;639,42;5,953333333;48;186;146;72;1;15131
21750207;FT08;FT08;Engenharia de Materiais;IEC037;INTRODUÇÃO A PROGRAMAÇÃO DE COMPUTADORES;9,65;Aprovado;2017; 1° Semestre;1;yes;PSC - NDC2 (Esc. Pub., Independe Renda);PSC;NRenda;2017;no;0;0,89;5,02;M;18;591;658,1;551,7;523,8;560;576,92;5,155;130;404;331;80;0;31808
21754453;FT08;FT08;Engenharia de Materiais;IEC037;INTRODUÇÃO A PROGRAMAÇÃO DE COMPUTADORES;2,63;Reprovado por Nota;2017; 1° Semestre;2;yes;SISU - NDC2 (Esc. Pub., Independe Renda);SISU;NRenda;2017;no;0;0,22;1,51;F;17;554,8;513,4;507,3;557;620;550,5;4,645;42;170;153;62;2;19876
21751923;FT08;FT08;Engenharia de Materiais;IEC037;INTRODUÇÃO A PROGRAMAÇÃO DE COMPUTADORES;7,91;Aprovado;2017; 1° Semestre;1;yes;PSC - PPI2 (Esc. Pub., Independe Renda);PSC;NRenda;2017;no;0;0,67;6,12;M;18;523,4;520,2;446;430,9;440;472,1;5,258333333;88;252;247;82;1;22459
21752748;FT08;FT08;Engenharia de Materiais;IEC037;INTRODUÇÃO A PROGRAMAÇÃO DE COMPUTADORES;9,13;Aprovado;2017; 1° Semestre;1;yes;SISU - PPI1 (Esc. Pub., Renda até 1.5);SISU;Renda;2017;yes;0;1,42;8,15;M;19;559,1;593,8;570,9;602,8;780;621,32;5,993333333;138;948;516;72;0;49849
21750634;FT08;FT08;Engenharia de Materiais;IEC037;INTRODUÇÃO A PROGRAMAÇÃO DE COMPUTADORES;7,46;Aprovado;2017; 1° Semestre;1;yes;PSC - AC (Ampla Concorrência);PSC;AC;2017;yes;0;0,93;5,08;M;16;#N/D;#N/D;#N/D;#N/D;#N/D;#N/D;5,596666667;83;401;256;73;1;34588
21750630;FT08;FT08;Engenharia de Materiais;IEC037;INTRODUÇÃO A PROGRAMAÇÃO DE COMPUTADORES;1,5;Reprovado por Nota;2017; 1° Semestre;2;yes;PSC - AC (Ampla Concorrência);PSC;AC;2017;no;0;0,11;1,76;F;17;#N/D;#N/D;#N/D;#N/D;#N/D;#N/D;3,275;56;84;59;23;1;8424
21754478;FT08;FT08;Engenharia de Materiais;IEC037;INTRODUÇÃO A PROGRAMAÇÃO DE COMPUTADORES;1,77;Reprovado por Nota;2017; 1° Semestre;2;yes;SISU - AC (Ampla Concorrência);SISU;AC;2017;no;0;0,82;5,36;M;38;561;591,1;511;619,8;760;608,58;5,393333333;41;728;224;49;5;40543
21751921;FT08;FT08;Engenharia de Materiais;IEC037;INTRODUÇÃO A PROGRAMAÇÃO DE COMPUTADORES;6,85;Aprovado;2017; 1° Semestre;1;yes;PSC - PPI2 (Esc. Pub., Independe Renda);PSC;NRenda;2017;no;0;0;0,99;M;17;#N/D;#N/D;#N/D;#N/D;#N/D;#N/D;4,08;48;107;113;58;2;7984
21353244;FT08;FT08;Engenharia de Materiais;IEC037;INTRODUÇÃO A PROGRAMAÇÃO DE COMPUTADORES;10;Aprovado;2017; 1° Semestre;1;no;PSC - AC (Ampla Concorrência);PSC;AC;2013;yes;1;3,1;5,07;F;22;#N/D;#N/D;#N/D;#N/D;#N/D;#N/D;6,854181818;67;131;63;13;1;5987
21754479;FT08;FT08;Engenharia de Materiais;IEC037;INTRODUÇÃO A PROGRAMAÇÃO DE COMPUTADORES;3,83;Reprovado por Nota;2017; 1° Semestre;2;yes;SISU - AC (Ampla Concorrência);SISU;AC;2017;yes;0;0;1,11;M;19;572,9;566,1;578,3;608,2;660;597,1;4,046666667;548;1654;569;58;13;70654
21750631;FT08;FT08;Engenharia de Materiais;IEC037;INTRODUÇÃO A PROGRAMAÇÃO DE COMPUTADORES;7,48;Aprovado;2017; 1° Semestre;1;yes;PSC - AC (Ampla Concorrência);PSC;AC;2017;no;0;0;4,36;M;18;#N/D;#N/D;#N/D;#N/D;#N/D;#N/D;5,42;128;481;188;75;3;34297
21754477;FT08;FT08;Engenharia de Materiais;IEC037;INTRODUÇÃO A PROGRAMAÇÃO DE COMPUTADORES;5;Aprovado;2017; 1° Semestre;1;yes;SISU - AC (Ampla Concorrência);SISU;AC;2017;no;0;0;5,32;M;18;611,6;632,1;561;539,4;740;616,82;5,003333333;94;1469;575;67;5;60494
21752762;FT11;FT11;Engenharia de Petróleo e Gás;IEC037;INTRODUÇÃO A PROGRAMAÇÃO DE COMPUTADORES;6,12;Aprovado;2017; 1° Semestre;1;yes;SISU - PPI2 (Esc. Pub., Independe Renda);SISU;NRenda;2017;no;0;6,6;5,07;M;18;586,2;602,3;583,6;749,3;720;648,28;6,178333333;32;210;72;31;3;11706
21751524;FT11;FT11;Engenharia de Petróleo e Gás;IEC037;INTRODUÇÃO A PROGRAMAÇÃO DE COMPUTADORES;7,32;Aprovado;2017; 1° Semestre;1;yes;PSC - PPI1 (Esc. Pub., Renda até 1.5);PSC;Renda;2017;no;0;0,37;1,78;M;18;#N/D;#N/D;#N/D;#N/D;#N/D;#N/D;4,556666667;78;537;198;71;5;36660
21751933;FT11;FT11;Engenharia de Petróleo e Gás;IEC037;INTRODUÇÃO A PROGRAMAÇÃO DE COMPUTADORES;8,39;Aprovado;2017; 1° Semestre;1;yes;PSC - PPI2 (Esc. Pub., Independe Renda);PSC;NRenda;2017;no;0;4,65;2,61;M;18;#N/D;#N/D;#N/D;#N/D;#N/D;#N/D;5,82;124;475;475;84;0;41107
21753854;FT11;FT11;Engenharia de Petróleo e Gás;IEC037;INTRODUÇÃO A PROGRAMAÇÃO DE COMPUTADORES;8,19;Aprovado;2017; 1° Semestre;1;yes;PSC - NDC2 (Esc. Pub., Independe Renda);PSC;NRenda;2017;yes;0;0,83;1,89;F;18;#N/D;#N/D;#N/D;#N/D;#N/D;#N/D;4,913333333;49;313;214;71;2;30542
21750280;FT11;FT11;Engenharia de Petróleo e Gás;IEC037;INTRODUÇÃO A PROGRAMAÇÃO DE COMPUTADORES;6,67;Aprovado;2017; 1° Semestre;1;yes;PSC - PPI1 (Esc. Pub., Renda até 1.5);PSC;Renda;2017;yes;0;0,1;0,11;M;18;523,8;521,5;493,1;412,9;520;494,26;3,473333333;95;442;318;87;0;34159
21751527;FT11;FT11;Engenharia de Petróleo e Gás;IEC037;INTRODUÇÃO A PROGRAMAÇÃO DE COMPUTADORES;9,66;Aprovado;2017; 1° Semestre;1;yes;PSC - PPI1 (Esc. Pub., Renda até 1.5);PSC;Renda;2017;yes;0;6,58;5,73;M;18;#N/D;#N/D;#N/D;#N/D;#N/D;#N/D;6,388333333;108;773;1396;77;0;65378
21750654;FT11;FT11;Engenharia de Petróleo e Gás;IEC037;INTRODUÇÃO A PROGRAMAÇÃO DE COMPUTADORES;7,54;Aprovado;2017; 1° Semestre;1;yes;PSC - AC (Ampla Concorrência);PSC;AC;2017;no;0;6,7;2,94;F;17;#N/D;#N/D;#N/D;#N/D;#N/D;#N/D;6,781666667;91;1079;203;86;0;101164
21753802;FT11;FT11;Engenharia de Petróleo e Gás;IEC037;INTRODUÇÃO A PROGRAMAÇÃO DE COMPUTADORES;6,35;Aprovado;2017; 1° Semestre;1;yes;PSC - AC (Ampla Concorrência);PSC;AC;2017;no;0;0,03;0,22;M;17;#N/D;#N/D;#N/D;#N/D;#N/D;#N/D;2,66;45;177;117;35;6;14008
21750007;FT11;FT11;Engenharia de Petróleo e Gás;IEC037;INTRODUÇÃO A PROGRAMAÇÃO DE COMPUTADORES;5,96;Aprovado;2017; 1° Semestre;1;yes;PECG - Programa Estudantil Convênio de Graduação;Outro;AC;2017;yes;0;2;0,56;M;21;#N/D;#N/D;#N/D;#N/D;#N/D;#N/D;4,643333333;122;598;251;55;7;65388
21750655;FT11;FT11;Engenharia de Petróleo e Gás;IEC037;INTRODUÇÃO A PROGRAMAÇÃO DE COMPUTADORES;6,35;Aprovado;2017; 1° Semestre;1;yes;PSC - AC (Ampla Concorrência);PSC;AC;2017;yes;0;3,07;0,89;F;18;#N/D;#N/D;#N/D;#N/D;#N/D;#N/D;4,755;127;923;465;86;0;62872
21754883;FT11;FT11;Engenharia de Petróleo e Gás;IEC037;INTRODUÇÃO A PROGRAMAÇÃO DE COMPUTADORES;7,17;Aprovado;2017; 1° Semestre;1;yes;SISU - AC (Ampla Concorrência);SISU;AC;2017;no;0;5,43;3,17;M;20;563,3;579,5;596,3;671,2;540;590,06;5,701666667;155;1797;360;86;0;61458
21755192;FT11;FT11;Engenharia de Petróleo e Gás;IEC037;INTRODUÇÃO A PROGRAMAÇÃO DE COMPUTADORES;6,06;Aprovado;2017; 1° Semestre;1;yes;SISU - AC (Ampla Concorrência);SISU;AC;2017;no;0;0,1;1,11;F;18;556,1;528,9;523,5;556;600;552,9;3,706666667;70;169;229;60;3;18329
21753478;FT11;FT11;Engenharia de Petróleo e Gás;IEC037;INTRODUÇÃO A PROGRAMAÇÃO DE COMPUTADORES;8,04;Aprovado;2017; 1° Semestre;1;yes;SISU - AC (Ampla Concorrência);SISU;AC;2017;no;0;5,1;0,89;F;18;585,3;602,2;549,7;581,5;720;607,74;5,458333333;58;436;164;76;3;32570
21751935;FT11;FT11;Engenharia de Petróleo e Gás;IEC037;INTRODUÇÃO A PROGRAMAÇÃO DE COMPUTADORES;0,67;Reprovado por Nota;2017; 1° Semestre;2;yes;PSC - PPI2 (Esc. Pub., Independe Renda);PSC;NRenda;2017;no;0;1,1;0,78;M;18;#N/D;#N/D;#N/D;#N/D;#N/D;#N/D;4,153333333;86;751;232;37;8;46249
21754888;FT11;FT11;Engenharia de Petróleo e Gás;IEC037;INTRODUÇÃO A PROGRAMAÇÃO DE COMPUTADORES;5,49;Aprovado;2017; 1° Semestre;1;yes;SISU - AC (Ampla Concorrência);SISU;AC;2017;no;0;0,43;0,56;M;19;545,2;585,7;610,1;555,8;520;563,36;4,138333333;74;299;691;84;2;27625
21753692;FT11;FT11;Engenharia de Petróleo e Gás;IEC037;INTRODUÇÃO A PROGRAMAÇÃO DE COMPUTADORES;9,23;Aprovado;2017; 1° Semestre;1;yes;SISU - PPI2 (Esc. Pub., Independe Renda);SISU;NRenda;2017;yes;0;0,83;0,44;M;19;575,5;608,6;578,4;570,7;620;590,64;3,48;239;1854;415;87;0;91428
21751932;FT11;FT11;Engenharia de Petróleo e Gás;IEC037;INTRODUÇÃO A PROGRAMAÇÃO DE COMPUTADORES;5,57;Aprovado;2017; 1° Semestre;1;yes;PSC - PPI2 (Esc. Pub., Independe Renda);PSC;NRenda;2017;yes;0;0,43;1,33;M;18;578,2;583,9;483,8;678;680;600,78;3,863333333;65;135;136;66;0;11945
21754885;FT11;FT11;Engenharia de Petróleo e Gás;IEC037;INTRODUÇÃO A PROGRAMAÇÃO DE COMPUTADORES;7,15;Aprovado;2017; 1° Semestre;1;yes;SISU - AC (Ampla Concorrência);SISU;AC;2017;no;0;0,83;1,33;M;20;572,8;626,2;534,2;653,8;520;581,4;3,73;94;450;233;74;2;43124
21752759;FT11;FT11;Engenharia de Petróleo e Gás;IEC037;INTRODUÇÃO A PROGRAMAÇÃO DE COMPUTADORES;8,72;Aprovado;2017; 1° Semestre;1;yes;SISU - PPI1 (Esc. Pub., Renda até 1.5);SISU;Renda;2017;no;0;4,53;4,6;F;17;570,5;562,3;597,9;663,1;760;630,76;6,338333333;175;566;280;87;0;46767
21753475;FT11;FT11;Engenharia de Petróleo e Gás;IEC037;INTRODUÇÃO A PROGRAMAÇÃO DE COMPUTADORES;9,21;Aprovado;2017; 1° Semestre;1;yes;SISU - AC (Ampla Concorrência);SISU;AC;2017;no;0;7,75;5,33;F;17;615,1;621,8;511,7;680,2;780;641,76;6,893333333;50;310;230;72;1;34829
21754149;FT11;FT11;Engenharia de Petróleo e Gás;IEC037;INTRODUÇÃO A PROGRAMAÇÃO DE COMPUTADORES;6,81;Aprovado;2017; 1° Semestre;1;yes;SISU - PPI1 (Esc. Pub., Renda até 1.5);SISU;Renda;2017;no;0;0,13;0,78;M;18;577,9;617,6;578,7;561,5;700;607,14;4,266666667;87;359;183;62;5;29561
21751525;FT11;FT11;Engenharia de Petróleo e Gás;IEC037;INTRODUÇÃO A PROGRAMAÇÃO DE COMPUTADORES;8,21;Aprovado;2017; 1° Semestre;1;yes;PSC - PPI1 (Esc. Pub., Renda até 1.5);PSC;Renda;2017;no;0;8,22;0,89;F;17;#N/D;#N/D;#N/D;#N/D;#N/D;#N/D;6,701666667;78;827;319;87;0;51905
21750648;FT11;FT11;Engenharia de Petróleo e Gás;IEC037;INTRODUÇÃO A PROGRAMAÇÃO DE COMPUTADORES;7,56;Aprovado;2017; 1° Semestre;1;yes;PSC - AC (Ampla Concorrência);PSC;AC;2017;no;0;5,55;5,06;F;18;#N/D;#N/D;#N/D;#N/D;#N/D;#N/D;5,901666667;89;332;204;86;1;24786
21750650;FT11;FT11;Engenharia de Petróleo e Gás;IEC037;INTRODUÇÃO A PROGRAMAÇÃO DE COMPUTADORES;5,95;Aprovado;2017; 1° Semestre;1;yes;PSC - AC (Ampla Concorrência);PSC;AC;2017;no;0;2,92;0,56;M;17;#N/D;#N/D;#N/D;#N/D;#N/D;#N/D;5,225;105;770;239;87;0;72583
21751934;FT11;FT11;Engenharia de Petróleo e Gás;IEC037;INTRODUÇÃO A PROGRAMAÇÃO DE COMPUTADORES;4,04;Reprovado por Nota;2017; 1° Semestre;2;yes;PSC - PPI2 (Esc. Pub., Independe Renda);PSC;NRenda;2017;no;0;0,07;0;M;18;#N/D;#N/D;#N/D;#N/D;#N/D;#N/D;3,555;44;107;94;48;3;7067
21750085;FT11;FT11;Engenharia de Petróleo e Gás;IEC037;INTRODUÇÃO A PROGRAMAÇÃO DE COMPUTADORES;5,31;Aprovado;2017; 1° Semestre;1;yes;PSC - AC (Ampla Concorrência);PSC;AC;2017;no;0;5,75;1;M;17;#N/D;#N/D;#N/D;#N/D;#N/D;#N/D;5,878333333;59;389;236;72;4;38245
21753477;FT11;FT11;Engenharia de Petróleo e Gás;IEC037;INTRODUÇÃO A PROGRAMAÇÃO DE COMPUTADORES;7,76;Aprovado;2017; 1° Semestre;1;yes;SISU - AC (Ampla Concorrência);SISU;AC;2017;yes;0;7;5,84;F;18;558;595,6;567,7;676;860;651,46;6,721666667;36;116;122;69;1;21115
21751526;FT11;FT11;Engenharia de Petróleo e Gás;IEC037;INTRODUÇÃO A PROGRAMAÇÃO DE COMPUTADORES;8,46;Aprovado;2017; 1° Semestre;1;yes;PSC - PPI1 (Esc. Pub., Renda até 1.5);PSC;Renda;2017;no;0;0,67;3,21;M;17;#N/D;#N/D;#N/D;#N/D;#N/D;#N/D;5,206666667;113;238;474;87;0;35741
21754151;FT11;FT11;Engenharia de Petróleo e Gás;IEC037;INTRODUÇÃO A PROGRAMAÇÃO DE COMPUTADORES;6,86;Aprovado;2017; 1° Semestre;1;yes;SISU - PPI1 (Esc. Pub., Renda até 1.5);SISU;Renda;2017;yes;0;0,07;1,56;M;18;503,2;612,3;469,1;447,4;900;586,4;4,883333333;92;369;422;71;3;28167
21754887;FT11;FT11;Engenharia de Petróleo e Gás;IEC037;INTRODUÇÃO A PROGRAMAÇÃO DE COMPUTADORES;7,6;Aprovado;2017; 1° Semestre;1;yes;SISU - AC (Ampla Concorrência);SISU;AC;2017;no;0;1;6,03;M;22;557,5;599,7;530,7;423,4;720;566,26;5,8525;40;92;143;74;3;16383
21751936;FT11;FT11;Engenharia de Petróleo e Gás;IEC037;INTRODUÇÃO A PROGRAMAÇÃO DE COMPUTADORES;7,43;Aprovado;2017; 1° Semestre;1;yes;PSC - PPI2 (Esc. Pub., Independe Renda);PSC;NRenda;2017;no;0;5,4;3,82;M;17;#N/D;#N/D;#N/D;#N/D;#N/D;#N/D;5,851666667;68;565;382;86;1;55831
21751274;FT11;FT11;Engenharia de Petróleo e Gás;IEC037;INTRODUÇÃO A PROGRAMAÇÃO DE COMPUTADORES;2,57;Reprovado por Nota;2017; 1° Semestre;2;yes;PSC - NDC1 (Esc. Pub., Renda até 1.5);PSC;Renda;2017;no;0;0,03;0,11;F;17;#N/D;#N/D;#N/D;#N/D;#N/D;#N/D;1,968333333;48;101;119;47;3;16406
21753474;FT11;FT11;Engenharia de Petróleo e Gás;IEC037;INTRODUÇÃO A PROGRAMAÇÃO DE COMPUTADORES;5,82;Aprovado;2017; 1° Semestre;1;yes;SISU - AC (Ampla Concorrência);SISU;AC;2017;no;0;2,35;4,02;F;22;625,3;613;640,5;490,1;860;645,78;3,428333333;61;805;217;77;0;67669
21752760;FT11;FT11;Engenharia de Petróleo e Gás;IEC037;INTRODUÇÃO A PROGRAMAÇÃO DE COMPUTADORES;7,44;Aprovado;2017; 1° Semestre;1;yes;SISU - PPI1 (Esc. Pub., Renda até 1.5);SISU;Renda;2017;no;0;8,5;7,64;M;17;612,1;655,5;633,2;698,3;720;663,82;7,593333333;170;1293;406;86;0;91446
21750652;FT11;FT11;Engenharia de Petróleo e Gás;IEC037;INTRODUÇÃO A PROGRAMAÇÃO DE COMPUTADORES;5,35;Aprovado;2017; 1° Semestre;1;yes;PSC - AC (Ampla Concorrência);PSC;AC;2017;no;0;5,42;2,33;M;17;510,4;611;593,6;591,7;780;617,34;5,163333333;39;237;231;63;4;17274
21754283;FT11;FT11;Engenharia de Petróleo e Gás;IEC037;INTRODUÇÃO A PROGRAMAÇÃO DE COMPUTADORES;7,44;Aprovado;2017; 1° Semestre;1;yes;SISU - PPI2 (Esc. Pub., Independe Renda);SISU;NRenda;2017;yes;0;6,68;5,32;M;18;553,1;569,2;415,5;500,5;580;523,66;6,19;77;356;380;87;0;15360
21753476;FT11;FT11;Engenharia de Petróleo e Gás;IEC037;INTRODUÇÃO A PROGRAMAÇÃO DE COMPUTADORES;6,87;Aprovado;2017; 1° Semestre;1;yes;SISU - AC (Ampla Concorrência);SISU;AC;2017;no;0;1,25;5;M;17;632,9;639,7;637,8;593,4;620;624,76;4,283333333;28;301;117;36;2;14485
21752761;FT11;FT11;Engenharia de Petróleo e Gás;IEC037;INTRODUÇÃO A PROGRAMAÇÃO DE COMPUTADORES;8,71;Aprovado;2017; 1° Semestre;1;yes;SISU - PPI1 (Esc. Pub., Renda até 1.5);SISU;Renda;2017;no;0;6,72;0,56;F;17;618,7;655,8;566,5;587,2;800;645,64;6,545;67;625;211;78;2;71363
21753479;FT11;FT11;Engenharia de Petróleo e Gás;IEC037;INTRODUÇÃO A PROGRAMAÇÃO DE COMPUTADORES;9,39;Aprovado;2017; 1° Semestre;1;yes;SISU - AC (Ampla Concorrência);SISU;AC;2017;no;0;8,03;6,32;M;18;500,7;544,1;569;685;700;599,76;7,256666667;120;515;230;76;1;39342
21603487;FT06;FT06;Engenharia de Produção;IEC081;INTRODUÇÃO A CIÊNCIA DOS COMPUTADORES;6,21;Aprovado;2017; 1° Semestre;1;yes;SISU - PPI1 (Esc. Pub., Renda até 1.5);SISU;Renda;2016;no;0;4,33;1,69;M;18;613,7;630,9;526,8;511,5;720;600,58;5,045833333;36;19;93;72;0;4454
21602240;FT06;FT06;Engenharia de Produção;IEC081;INTRODUÇÃO A CIÊNCIA DOS COMPUTADORES;8,19;Aprovado;2017; 1° Semestre;1;yes;PSC - AC (Ampla Concorrência);PSC;AC;2016;no;0;5,83;5,21;F;19;548,9;572,2;526,5;592,1;600;567,94;5,704666667;73;172;140;84;2;9376
21602242;FT06;FT06;Engenharia de Produção;IEC081;INTRODUÇÃO A CIÊNCIA DOS COMPUTADORES;7,07;Aprovado;2017; 1° Semestre;1;yes;PSC - AC (Ampla Concorrência);PSC;AC;2016;yes;0;5,17;4,07;F;20;589,1;637;487,3;402,6;660;555,2;5,9325;49;144;132;67;2;10165
21456912;FT06;FT06;Engenharia de Produção;IEC081;INTRODUÇÃO A CIÊNCIA DOS COMPUTADORES;6,16;Aprovado;2017; 1° Semestre;1;no;SISU - AC (Ampla Concorrência);SISU;AC;2014;no;1;1,67;1,47;F;22;569,5;622,6;567;617;960;667,22;3,594418605;91;613;550;51;8;35773
21452666;FT06;FT06;Engenharia de Produção;IEC081;INTRODUÇÃO A CIÊNCIA DOS COMPUTADORES;6,51;Aprovado;2017; 1° Semestre;1;no;PSC - AC (Ampla Concorrência);PSC;AC;2014;no;1;4,67;1,8;M;20;532;508;618,1;612,5;480;550,12;4,246410256;60;102;131;53;2;7939
21602239;FT06;FT06;Engenharia de Produção;IEC081;INTRODUÇÃO A CIÊNCIA DOS COMPUTADORES;8,4;Aprovado;2017; 1° Semestre;1;yes;PSC - AC (Ampla Concorrência);PSC;AC;2016;no;0;5,5;5,23;F;19;626,4;646,8;518,4;617;680;617,72;6,22;67;224;170;87;0;23563
21453480;FT06;FT06;Engenharia de Produção;IEC081;INTRODUÇÃO A CIÊNCIA DOS COMPUTADORES;5,33;Aprovado;2017; 1° Semestre;1;no;PSC - AC (Ampla Concorrência);PSC;AC;2014;no;1;5,72;5,03;M;21;504,5;538,6;494,1;739,8;640;583,4;5,592666667;129;191;298;60;3;20700
21602247;FT06;FT06;Engenharia de Produção;IEC081;INTRODUÇÃO A CIÊNCIA DOS COMPUTADORES;7,93;Aprovado;2017; 1° Semestre;1;yes;PSC - PPI1 (Esc. Pub., Renda até 1.5);PSC;Renda;2016;no;0;2,67;0,44;F;18;470,5;537,2;426;461;520;482,94;3,418571429;99;195;109;77;2;12997
21650059;FT06;FT06;Engenharia de Produção;IEC081;INTRODUÇÃO A CIÊNCIA DOS COMPUTADORES;8,19;Aprovado;2017; 1° Semestre;1;yes;PSC - AC (Ampla Concorrência);PSC;AC;2016;no;0;5;2,66;F;19;487,9;536,5;469,8;398,2;540;486,48;5,813333333;60;215;126;84;0;14667
21601485;FT06;FT06;Engenharia de Produção;IEC081;INTRODUÇÃO A CIÊNCIA DOS COMPUTADORES;9,99;Aprovado;2017; 1° Semestre;1;yes;SISU - PPI1 (Esc. Pub., Renda até 1.5);SISU;Renda;2016;no;0;5,17;6;M;18;596,6;635,4;621;583,8;680;623,36;5,726666667;150;1329;406;86;1;76448
21650057;FT06;FT06;Engenharia de Produção;IEC081;INTRODUÇÃO A CIÊNCIA DOS COMPUTADORES;7,95;Aprovado;2017; 1° Semestre;1;yes;PSC - AC (Ampla Concorrência);PSC;AC;2016;no;0;2,83;0,14;M;19;576,5;610;460;382,9;480;501,88;3,882727273;94;183;234;87;0;15313
21551329;FT06;FT06;Engenharia de Produção;IEC081;INTRODUÇÃO A CIÊNCIA DOS COMPUTADORES;8,46;Aprovado;2017; 1° Semestre;1;no;SISU - PPI1 (Esc. Pub., Renda até 1.5);SISU;Renda;2015;no;0;7,1;4,59;M;31;507,3;615,3;546;719,7;760;629,66;4,325;309;1036;194;87;0;80534
21554908;FT06;FT06;Engenharia de Produção;IEC081;INTRODUÇÃO A CIÊNCIA DOS COMPUTADORES;5;Aprovado;2017; 1° Semestre;1;no;PSC - AC (Ampla Concorrência);PSC;AC;2015;no;1;5;3,23;M;21;#N/D;#N/D;#N/D;#N/D;#N/D;#N/D;4,401538462;64;106;126;51;4;5732
21351438;FT06;IE17;Engenharia de Produção;IEC081;INTRODUÇÃO A CIÊNCIA DOS COMPUTADORES;6,23;Aprovado;2017; 1° Semestre;1;no;SISU - AC (Ampla Concorrência);SISU;AC;2013;yes;0;5,23;6,5;M;21;551,2;654,3;573,2;664,9;740;636,72;5,865;65;397;180;61;4;32158
21601207;FT06;FT06;Engenharia de Produção;IEC081;INTRODUÇÃO A CIÊNCIA DOS COMPUTADORES;10;Aprovado;2017; 1° Semestre;1;yes;SISU - AC (Ampla Concorrência);SISU;AC;2016;yes;0;6,5;7,67;F;18;607,5;650,3;597,1;792,1;740;677,4;7,964375;99;728;227;87;0;54613
21602250;FT06;FT06;Engenharia de Produção;IEC081;INTRODUÇÃO A CIÊNCIA DOS COMPUTADORES;6,54;Aprovado;2017; 1° Semestre;1;yes;PSC - PPI2 (Esc. Pub., Independe Renda);PSC;NRenda;2016;no;0;6,17;4,18;M;19;553,7;616,4;560,6;499,8;640;574,1;6,91;59;760;271;87;0;62083
21602241;FT06;FT06;Engenharia de Produção;IEC081;INTRODUÇÃO A CIÊNCIA DOS COMPUTADORES;8,95;Aprovado;2017; 1° Semestre;1;yes;PSC - AC (Ampla Concorrência);PSC;AC;2016;yes;0;6,5;5,12;F;18;591,9;656,5;607,9;548,4;700;620,94;6,8925;60;288;196;83;1;31748
21603635;FT06;FT06;Engenharia de Produção;IEC081;INTRODUÇÃO A CIÊNCIA DOS COMPUTADORES;8,8;Aprovado;2017; 1° Semestre;1;yes;SISU - AC (Ampla Concorrência);SISU;AC;2016;no;0;5,33;4,06;M;19;595,7;644,7;577,7;809,7;640;653,56;5,305333333;50;183;207;87;0;19001
21601571;FT06;FT06;Engenharia de Produção;IEC081;INTRODUÇÃO A CIÊNCIA DOS COMPUTADORES;6,95;Aprovado;2017; 1° Semestre;1;yes;SISU - PPI2 (Esc. Pub., Independe Renda);SISU;NRenda;2016;yes;0;0;5;M;21;542,4;555,3;598,4;755,4;700;630,3;2,304615385;90;222;128;54;4;20896
21600496;FT06;FT06;Engenharia de Produção;IEC081;INTRODUÇÃO A CIÊNCIA DOS COMPUTADORES;9,49;Aprovado;2017; 1° Semestre;1;yes;SISU - AC (Ampla Concorrência);SISU;AC;2016;yes;0;6,5;6,25;F;19;650,4;617,1;499,4;676,7;940;676,72;7,66;85;1715;195;87;0;105873
21602244;FT06;FT06;Engenharia de Produção;IEC081;INTRODUÇÃO A CIÊNCIA DOS COMPUTADORES;7,61;Aprovado;2017; 1° Semestre;1;yes;PSC - PPI1 (Esc. Pub., Renda até 1.5);PSC;Renda;2016;no;0;6,17;6,46;F;19;521,6;585,4;525,6;630,5;760;604,62;7,02;83;225;128;87;0;14428
21601572;FT06;FT06;Engenharia de Produção;IEC081;INTRODUÇÃO A CIÊNCIA DOS COMPUTADORES;5,07;Aprovado;2017; 1° Semestre;1;yes;SISU - PPI2 (Esc. Pub., Independe Renda);SISU;NRenda;2016;yes;0;7;4,02;F;21;578,2;641,6;550,4;743,6;640;630,76;6,770666667;60;294;220;87;0;24591
21650055;FT06;FT06;Engenharia de Produção;IEC081;INTRODUÇÃO A CIÊNCIA DOS COMPUTADORES;6,13;Aprovado;2017; 1° Semestre;1;yes;PSC - AC (Ampla Concorrência);PSC;AC;2016;no;0;5;3,07;M;18;493;549,3;528,7;441,6;600;522,52;4,910666667;46;75;133;69;0;7633
21602253;FT06;FT06;Engenharia de Produção;IEC081;INTRODUÇÃO A CIÊNCIA DOS COMPUTADORES;7,06;Aprovado;2017; 1° Semestre;1;yes;PSC - PPI2 (Esc. Pub., Independe Renda);PSC;NRenda;2016;no;0;5;1,88;M;18;562,1;614,8;541,5;594,2;580;578,52;4,961666667;54;383;257;74;0;10889
21651619;FT06;FT02-ET;Engenharia de Produção;IEC081;INTRODUÇÃO A CIÊNCIA DOS COMPUTADORES;5,57;Aprovado;2017; 1° Semestre;1;no;Mandado Judicial;Outro;AC;2016;yes;1;1,56;#N/D;M;19;#N/D;#N/D;#N/D;#N/D;#N/D;#N/D;4,765;178;606;382;77;5;41494
21650058;FT06;FT06;Engenharia de Produção;IEC081;INTRODUÇÃO A CIÊNCIA DOS COMPUTADORES;6,79;Aprovado;2017; 1° Semestre;1;yes;PSC - AC (Ampla Concorrência);PSC;AC;2016;yes;0;6;6,56;M;19;#N/D;#N/D;#N/D;#N/D;#N/D;#N/D;7,30875;143;591;170;85;0;39788
21602243;FT06;FT06;Engenharia de Produção;IEC081;INTRODUÇÃO A CIÊNCIA DOS COMPUTADORES;8,21;Aprovado;2017; 1° Semestre;1;yes;PSC - NDC2 (Esc. Pub., Independe Renda);PSC;NRenda;2016;no;0;5;0,66;M;18;410,2;516;371,9;396,6;480;434,94;3,9775;83;91;275;87;0;8998
21353714;FT06;IE15;Engenharia de Produção;IEC081;INTRODUÇÃO A CIÊNCIA DOS COMPUTADORES;8,87;Aprovado;2017; 1° Semestre;1;no;PSC - AC (Ampla Concorrência);PSC;AC;2013;yes;0;7,2;6,17;M;23;520,3;634,5;537;432,6;600;544,88;6,685;72;399;197;73;0;31122
21601208;FT06;FT06;Engenharia de Produção;IEC081;INTRODUÇÃO A CIÊNCIA DOS COMPUTADORES;9,99;Aprovado;2017; 1° Semestre;1;yes;SISU - AC (Ampla Concorrência);SISU;AC;2016;no;0;5,5;5,05;M;19;584,9;662;589,7;666;880;676,52;6,647058824;72;266;313;86;1;26338
21602252;FT06;FT06;Engenharia de Produção;IEC081;INTRODUÇÃO A CIÊNCIA DOS COMPUTADORES;4,22;Reprovado por Nota;2017; 1° Semestre;2;yes;PSC - PPI2 (Esc. Pub., Independe Renda);PSC;NRenda;2016;no;0;0;0,16;M;18;#N/D;#N/D;#N/D;#N/D;#N/D;#N/D;1,921818182;36;13;107;85;0;4349
21650299;FT06;FT06;Engenharia de Produção;IEC081;INTRODUÇÃO A CIÊNCIA DOS COMPUTADORES;9,65;Aprovado;2017; 1° Semestre;1;yes;PSC - PPI2 (Esc. Pub., Independe Renda);PSC;NRenda;2016;no;0;5;4,19;M;18;490,4;557,6;479,9;526,5;600;530,88;6,761875;62;337;127;78;0;25348
21751518;FT09;FT09;Engenharia Mecânica;IEC037;INTRODUÇÃO A PROGRAMAÇÃO DE COMPUTADORES;7,01;Aprovado;2017; 1° Semestre;1;yes;PSC - PPI1 (Esc. Pub., Renda até 1.5);PSC;Renda;2017;no;0;1;3,79;M;18;#N/D;#N/D;#N/D;#N/D;#N/D;#N/D;5,935;72;504;175;73;1;36597
21750638;FT09;FT09;Engenharia Mecânica;IEC037;INTRODUÇÃO A PROGRAMAÇÃO DE COMPUTADORES;8,49;Aprovado;2017; 1° Semestre;1;yes;PSC - AC (Ampla Concorrência);PSC;AC;2017;yes;0;6,77;8,53;F;17;#N/D;#N/D;#N/D;#N/D;#N/D;#N/D;8,558333333;119;918;144;77;1;69300
21750636;FT09;FT09;Engenharia Mecânica;IEC037;INTRODUÇÃO A PROGRAMAÇÃO DE COMPUTADORES;10;Aprovado;2017; 1° Semestre;1;yes;PSC - AC (Ampla Concorrência);PSC;AC;2017;yes;0;7,23;10;M;18;575,7;677,6;643,8;775,5;700;674,52;8,518333333;144;407;153;87;0;32599
21353246;FT09;FT08;Engenharia Mecânica;IEC037;INTRODUÇÃO A PROGRAMAÇÃO DE COMPUTADORES;5,14;Aprovado;2017; 1° Semestre;1;no;PSC - AC (Ampla Concorrência);PSC;AC;2013;no;1;5,83;5,27;F;21;488,9;604,1;569,1;542,5;660;572,92;3,489666667;109;343;168;77;2;35287
21752803;FT09;FT09;Engenharia Mecânica;IEC037;INTRODUÇÃO A PROGRAMAÇÃO DE COMPUTADORES;7,08;Aprovado;2017; 1° Semestre;1;yes;SISU - AC (Ampla Concorrência);SISU;AC;2017;yes;0;7,53;9,73;M;18;608,5;627,7;658,2;773,1;720;677,5;8,516666667;60;469;107;62;3;42676
21750257;FT09;FT09;Engenharia Mecânica;IEC037;INTRODUÇÃO A PROGRAMAÇÃO DE COMPUTADORES;7,71;Aprovado;2017; 1° Semestre;1;yes;PSC - PPI1 (Esc. Pub., Renda até 1.5);PSC;Renda;2017;yes;0;0,28;1,3;M;17;#N/D;#N/D;#N/D;#N/D;#N/D;#N/D;3,498333333;114;462;192;80;1;42310
21750313;FT09;FT09;Engenharia Mecânica;IEC037;INTRODUÇÃO A PROGRAMAÇÃO DE COMPUTADORES;7,21;Aprovado;2017; 1° Semestre;1;yes;PSC - PPI2 (Esc. Pub., Independe Renda);PSC;NRenda;2017;no;0;5,02;6,14;F;17;497,5;552,7;620,3;662,3;640;594,56;6,968333333;77;362;166;80;2;39277
21751516;FT09;FT09;Engenharia Mecânica;IEC037;INTRODUÇÃO A PROGRAMAÇÃO DE COMPUTADORES;9,31;Aprovado;2017; 1° Semestre;1;yes;PSC - PPI1 (Esc. Pub., Renda até 1.5);PSC;Renda;2017;no;0;7,83;9,57;M;18;#N/D;#N/D;#N/D;#N/D;#N/D;#N/D;8,371666667;236;1271;296;86;1;84214
21752796;FT09;FT09;Engenharia Mecânica;IEC037;INTRODUÇÃO A PROGRAMAÇÃO DE COMPUTADORES;3,2;Reprovado por Nota;2017; 1° Semestre;2;yes;SISU - PPI2 (Esc. Pub., Independe Renda);SISU;NRenda;2017;no;0;0;0,81;M;20;639,1;671,6;659,1;637,5;800;681,46;5,238333333;189;686;248;78;1;44811
21752794;FT09;FT09;Engenharia Mecânica;IEC037;INTRODUÇÃO A PROGRAMAÇÃO DE COMPUTADORES;6,77;Aprovado;2017; 1° Semestre;1;yes;SISU - NDC2 (Esc. Pub., Independe Renda);SISU;NRenda;2017;yes;0;0;9,7;M;29;627,9;725,9;670,6;786,3;720;706,14;7,17;99;530;223;63;0;39534
21754221;FT09;FT09;Engenharia Mecânica;IEC037;INTRODUÇÃO A PROGRAMAÇÃO DE COMPUTADORES;6,71;Aprovado;2017; 1° Semestre;1;yes;SISU - PPI2 (Esc. Pub., Independe Renda);SISU;NRenda;2017;no;0;0,67;1,86;F;17;571,5;599,4;532,7;534,5;760;599,62;5,66;119;610;175;81;1;59679
21753409;FT09;FT09;Engenharia Mecânica;IEC037;INTRODUÇÃO A PROGRAMAÇÃO DE COMPUTADORES;9,91;Aprovado;2017; 1° Semestre;1;yes;SISU - AC (Ampla Concorrência);SISU;AC;2017;yes;0;5,52;7,48;M;18;627;683,9;650,9;835,4;540;667,44;7,725;104;462;239;74;1;25024
21750066;FT09;FT09;Engenharia Mecânica;IEC037;INTRODUÇÃO A PROGRAMAÇÃO DE COMPUTADORES;10;Aprovado;2017; 1° Semestre;1;yes;PSC - AC (Ampla Concorrência);PSC;AC;2017;yes;0;5,61;9,13;M;17;576,3;592,7;651,6;778,3;580;635,78;7,733333333;117;941;304;87;0;66640
21751517;FT09;FT09;Engenharia Mecânica;IEC037;INTRODUÇÃO A PROGRAMAÇÃO DE COMPUTADORES;5,72;Aprovado;2017; 1° Semestre;1;yes;PSC - PPI1 (Esc. Pub., Renda até 1.5);PSC;Renda;2017;no;0;0;3,03;M;18;552,6;578,4;552,3;641,9;640;593,04;5,9;141;310;182;87;0;23149
21750637;FT09;FT09;Engenharia Mecânica;IEC037;INTRODUÇÃO A PROGRAMAÇÃO DE COMPUTADORES;9,96;Aprovado;2017; 1° Semestre;1;yes;PSC - AC (Ampla Concorrência);PSC;AC;2017;yes;0;6,14;6,01;M;18;#N/D;#N/D;#N/D;#N/D;#N/D;#N/D;7,613333333;95;472;304;82;0;32702
21750065;FT09;FT09;Engenharia Mecânica;IEC037;INTRODUÇÃO A PROGRAMAÇÃO DE COMPUTADORES;6,47;Aprovado;2017; 1° Semestre;1;yes;PSC - AC (Ampla Concorrência);PSC;AC;2017;yes;0;4,62;5,74;M;19;#N/D;#N/D;#N/D;#N/D;#N/D;#N/D;6,626666667;62;670;252;60;1;40675
21752797;FT09;FT09;Engenharia Mecânica;IEC037;INTRODUÇÃO A PROGRAMAÇÃO DE COMPUTADORES;5,1;Aprovado;2017; 1° Semestre;1;yes;SISU - PPI2 (Esc. Pub., Independe Renda);SISU;NRenda;2017;yes;0;0,4;3,21;M;21;588,3;681,3;634,5;615,2;860;675,86;6,193333333;82;541;178;73;1;49766
21753591;FT09;FT09;Engenharia Mecânica;IEC037;INTRODUÇÃO A PROGRAMAÇÃO DE COMPUTADORES;4,8;Reprovado por Nota;2017; 1° Semestre;2;yes;SISU - PPI1 (Esc. Pub., Renda até 1.5);SISU;Renda;2017;no;0;0,96;1,94;M;22;598,3;646,4;593;663,5;660;632,24;5,091666667;154;518;189;75;0;38716
21755063;FT09;FT09;Engenharia Mecânica;IEC037;INTRODUÇÃO A PROGRAMAÇÃO DE COMPUTADORES;2,11;Reprovado por Nota;2017; 1° Semestre;2;yes;PSC - NDC2 (Esc. Pub., Independe Renda);PSC;NRenda;2017;no;0;0,56;0,49;M;17;#N/D;#N/D;#N/D;#N/D;#N/D;#N/D;5,06;204;408;149;71;0;23557
21754110;FT09;FT09;Engenharia Mecânica;IEC037;INTRODUÇÃO A PROGRAMAÇÃO DE COMPUTADORES;5,13;Aprovado;2017; 1° Semestre;1;yes;SISU - PPI1 (Esc. Pub., Renda até 1.5);SISU;Renda;2017;no;0;0,11;1,67;M;18;528,1;538,3;428,5;613,2;800;581,62;4,183333333;65;643;154;66;1;35381
21750639;FT09;FT09;Engenharia Mecânica;IEC037;INTRODUÇÃO A PROGRAMAÇÃO DE COMPUTADORES;3,33;Reprovado por Nota;2017; 1° Semestre;2;yes;PSC - AC (Ampla Concorrência);PSC;AC;2017;no;0;1,11;1,59;M;17;#N/D;#N/D;#N/D;#N/D;#N/D;#N/D;3,383333333;61;566;132;48;1;38295
21752802;FT09;FT09;Engenharia Mecânica;IEC037;INTRODUÇÃO A PROGRAMAÇÃO DE COMPUTADORES;5,23;Aprovado;2017; 1° Semestre;1;yes;SISU - AC (Ampla Concorrência);SISU;AC;2017;no;0;4,23;6,04;M;20;664,6;636,1;601,5;788,5;760;690,14;7,445;104;311;145;66;0;20479
21751925;FT09;FT09;Engenharia Mecânica;IEC037;INTRODUÇÃO A PROGRAMAÇÃO DE COMPUTADORES;10;Aprovado;2017; 1° Semestre;1;yes;PSC - PPI2 (Esc. Pub., Independe Renda);PSC;NRenda;2017;no;0;8,13;10;F;17;652,1;671,3;625;714,8;680;668,64;8,423333333;159;1355;286;87;0;71053
21750314;FT09;FT09;Engenharia Mecânica;IEC037;INTRODUÇÃO A PROGRAMAÇÃO DE COMPUTADORES;8,74;Aprovado;2017; 1° Semestre;1;yes;PSC - PPI2 (Esc. Pub., Independe Renda);PSC;NRenda;2017;yes;0;6,54;6;M;17;#N/D;#N/D;#N/D;#N/D;#N/D;#N/D;7,186666667;79;1365;366;85;2;78739
21754916;FT09;FT09;Engenharia Mecânica;IEC037;INTRODUÇÃO A PROGRAMAÇÃO DE COMPUTADORES;5,39;Aprovado;2017; 1° Semestre;1;yes;SISU - AC (Ampla Concorrência);SISU;AC;2017;no;0;1;2,09;M;18;537,8;623,7;569,2;747;760;647,54;4,673333333;61;271;130;76;0;16230
21753867;FT09;FT09;Engenharia Mecânica;IEC037;INTRODUÇÃO A PROGRAMAÇÃO DE COMPUTADORES;2,36;Reprovado por Nota;2017; 1° Semestre;2;yes;PSC - PPI1 (Esc. Pub., Renda até 1.5);PSC;Renda;2017;no;0;0,56;2,2;F;18;#N/D;#N/D;#N/D;#N/D;#N/D;#N/D;5,525;286;364;138;60;2;34728
21754111;FT09;FT09;Engenharia Mecânica;IEC037;INTRODUÇÃO A PROGRAMAÇÃO DE COMPUTADORES;8,9;Aprovado;2017; 1° Semestre;1;yes;SISU - PPI1 (Esc. Pub., Renda até 1.5);SISU;Renda;2017;no;0;0,11;2,38;M;19;551,4;523,6;500,8;608,7;680;572,9;5,713333333;100;504;259;87;0;42140
21752801;FT09;FT09;Engenharia Mecânica;IEC037;INTRODUÇÃO A PROGRAMAÇÃO DE COMPUTADORES;4,37;Reprovado por Nota;2017; 1° Semestre;2;yes;SISU - NDC1 (Esc. Pub., Renda até 1.5);SISU;Renda;2017;yes;0;6,3;6,5;F;19;617,4;655,2;599,6;550,9;820;648,62;6,588571429;46;378;338;77;1;40296
21100648;FT09;FT11;Engenharia Mecânica;IEC037;INTRODUÇÃO A PROGRAMAÇÃO DE COMPUTADORES;5,1;Aprovado;2017; 1° Semestre;1;no;PSC - Processo Seletivo Contínuo;PSC;AC;2011;no;1;6;5,95;F;23;#N/D;#N/D;#N/D;#N/D;#N/D;#N/D;4,243333333;107;1107;424;82;3;78894
21752795;FT09;FT09;Engenharia Mecânica;IEC037;INTRODUÇÃO A PROGRAMAÇÃO DE COMPUTADORES;5,7;Aprovado;2017; 1° Semestre;1;yes;SISU - AC (Ampla Concorrência);SISU;AC;2017;no;0;0,11;0,36;M;30;469,4;640,1;675,5;874,5;760;683,9;5,105;122;722;225;84;1;41327
21750185;FT09;FT09;Engenharia Mecânica;IEC037;INTRODUÇÃO A PROGRAMAÇÃO DE COMPUTADORES;8,28;Aprovado;2017; 1° Semestre;1;yes;PSC - NDC1 (Esc. Pub., Renda até 1.5);PSC;Renda;2017;no;0;0;1,18;F;19;581,7;563,7;610,2;525,3;800;616,18;5,301666667;97;914;253;87;0;84689
21753408;FT09;FT09;Engenharia Mecânica;IEC037;INTRODUÇÃO A PROGRAMAÇÃO DE COMPUTADORES;3,39;Reprovado por Nota;2017; 1° Semestre;2;yes;SISU - AC (Ampla Concorrência);SISU;AC;2017;yes;0;0,89;5,69;M;19;641,4;656,7;687,2;562,7;800;669,6;2,71;159;0;0;0;0;0
21752800;FT09;FT09;Engenharia Mecânica;IEC037;INTRODUÇÃO A PROGRAMAÇÃO DE COMPUTADORES;4,36;Reprovado por Nota;2017; 1° Semestre;2;yes;SISU - AC (Ampla Concorrência);SISU;AC;2017;no;0;5;5,2;M;19;673,3;662,6;628,8;714;780;691,74;3,993333333;80;481;112;41;4;23534
21753793;FT09;FT09;Engenharia Mecânica;IEC037;INTRODUÇÃO A PROGRAMAÇÃO DE COMPUTADORES;7,68;Aprovado;2017; 1° Semestre;1;yes;PSC - AC (Ampla Concorrência);PSC;AC;2017;no;0;1,56;4,5;M;19;#N/D;#N/D;#N/D;#N/D;#N/D;#N/D;4,605;197;1364;426;75;2;64532
21750009;FT09;FT09;Engenharia Mecânica;IEC037;INTRODUÇÃO A PROGRAMAÇÃO DE COMPUTADORES;6;Aprovado;2017; 1° Semestre;1;yes;Mandado Judicial;Outro;AC;2017;yes;0;0,67;0,66;M;17;#N/D;#N/D;#N/D;#N/D;#N/D;#N/D;4,971666667;65;174;124;64;0;21709
21751926;FT09;FT09;Engenharia Mecânica;IEC037;INTRODUÇÃO A PROGRAMAÇÃO DE COMPUTADORES;7,73;Aprovado;2017; 1° Semestre;1;yes;PSC - PPI2 (Esc. Pub., Independe Renda);PSC;NRenda;2017;no;0;7,07;9,98;M;18;623,7;680,8;666,7;674,5;760;681,14;8,806666667;79;799;269;82;0;48656
21754109;FT09;FT09;Engenharia Mecânica;IEC037;INTRODUÇÃO A PROGRAMAÇÃO DE COMPUTADORES;2,03;Reprovado por Nota;2017; 1° Semestre;2;yes;SISU - PPI1 (Esc. Pub., Renda até 1.5);SISU;Renda;2017;yes;0;0,11;2,82;M;20;544,5;596,1;584,5;597;720;608,42;5,513333333;69;297;129;50;9;32627
21750052;FT12;FT12;Engenharia Química;IEC037;INTRODUÇÃO A PROGRAMAÇÃO DE COMPUTADORES;6,1;Aprovado;2017; 1° Semestre;1;yes;PSC - AC (Ampla Concorrência);PSC;AC;2017;no;0;7;8,75;F;17;#N/D;#N/D;#N/D;#N/D;#N/D;#N/D;6,2;123;1046;391;87;0;100775
21752808;FT12;FT12;Engenharia Química;IEC037;INTRODUÇÃO A PROGRAMAÇÃO DE COMPUTADORES;9,67;Aprovado;2017; 1° Semestre;1;yes;SISU - PPI1 (Esc. Pub., Renda até 1.5);SISU;Renda;2017;yes;0;5,55;5,27;M;18;639,2;617,1;636,9;676,2;660;645,88;5,795;108;613;243;86;1;87312
21750053;FT12;FT12;Engenharia Química;IEC037;INTRODUÇÃO A PROGRAMAÇÃO DE COMPUTADORES;2,2;Reprovado por Nota;2017; 1° Semestre;2;yes;PSC - AC (Ampla Concorrência);PSC;AC;2017;yes;0;7,57;5,5;F;17;586,3;586,5;531,9;574,3;680;591,8;5,995;101;677;410;82;2;91529
21753858;FT12;FT12;Engenharia Química;IEC037;INTRODUÇÃO A PROGRAMAÇÃO DE COMPUTADORES;5;Aprovado;2017; 1° Semestre;1;yes;PSC - PPI1 (Esc. Pub., Renda até 1.5);PSC;Renda;2017;yes;0;5;5,17;M;18;#N/D;#N/D;#N/D;#N/D;#N/D;#N/D;5,075;89;281;239;87;0;31519
21750318;FT12;FT12;Engenharia Química;IEC037;INTRODUÇÃO A PROGRAMAÇÃO DE COMPUTADORES;2;Reprovado por Nota;2017; 1° Semestre;2;yes;PSC - PPI2 (Esc. Pub., Independe Renda);PSC;NRenda;2017;no;0;4,02;3,5;F;18;#N/D;#N/D;#N/D;#N/D;#N/D;#N/D;2,861666667;211;624;197;77;4;49492
21755036;FT12;FT12;Engenharia Química;IEC037;INTRODUÇÃO A PROGRAMAÇÃO DE COMPUTADORES;2,87;Reprovado por Nota;2017; 1° Semestre;2;yes;PSC - AC (Ampla Concorrência);PSC;AC;2017;no;0;5,9;2,6;F;17;#N/D;#N/D;#N/D;#N/D;#N/D;#N/D;5,523333333;90;505;295;78;6;54852
21752809;FT12;FT12;Engenharia Química;IEC037;INTRODUÇÃO A PROGRAMAÇÃO DE COMPUTADORES;3,6;Reprovado por Nota;2017; 1° Semestre;2;yes;SISU - AC (Ampla Concorrência);SISU;AC;2017;no;0;1,57;0,83;M;18;567,7;699,6;639,2;730,4;880;703,38;3,015;47;34;87;51;2;2499
21751530;FT12;FT12;Engenharia Química;IEC037;INTRODUÇÃO A PROGRAMAÇÃO DE COMPUTADORES;7,47;Aprovado;2017; 1° Semestre;1;yes;PSC - PPI1 (Esc. Pub., Renda até 1.5);PSC;Renda;2017;no;0;7,93;9,25;M;19;#N/D;#N/D;#N/D;#N/D;#N/D;#N/D;7,706666667;126;957;292;87;0;76850
21750050;FT12;FT12;Engenharia Química;IEC037;INTRODUÇÃO A PROGRAMAÇÃO DE COMPUTADORES;7,4;Aprovado;2017; 1° Semestre;1;yes;PSC - AC (Ampla Concorrência);PSC;AC;2017;no;0;7,25;8,75;F;17;#N/D;#N/D;#N/D;#N/D;#N/D;#N/D;7,183333333;194;27;14;14;0;824
21750317;FT12;FT12;Engenharia Química;IEC037;INTRODUÇÃO A PROGRAMAÇÃO DE COMPUTADORES;5,57;Aprovado;2017; 1° Semestre;1;yes;PSC - PPI2 (Esc. Pub., Independe Renda);PSC;NRenda;2017;no;0;5,42;7,17;F;17;#N/D;#N/D;#N/D;#N/D;#N/D;#N/D;5,936666667;185;291;270;87;0;53220
21750659;FT12;FT12;Engenharia Química;IEC037;INTRODUÇÃO A PROGRAMAÇÃO DE COMPUTADORES;9;Aprovado;2017; 1° Semestre;1;yes;PSC - AC (Ampla Concorrência);PSC;AC;2017;yes;0;7,82;8,5;M;17;618,9;638,5;699,2;824,1;760;708,14;7,141666667;55;275;235;77;0;23687
21753427;FT12;FT12;Engenharia Química;IEC037;INTRODUÇÃO A PROGRAMAÇÃO DE COMPUTADORES;7,07;Aprovado;2017; 1° Semestre;1;yes;SISU - AC (Ampla Concorrência);SISU;AC;2017;no;0;7,75;7,5;F;18;651,1;624,7;587,6;652,2;760;655,12;7,388333333;79;530;367;86;1;43024
21753710;FT12;FT12;Engenharia Química;IEC037;INTRODUÇÃO A PROGRAMAÇÃO DE COMPUTADORES;6;Aprovado;2017; 1° Semestre;1;yes;SISU - PPI2 (Esc. Pub., Independe Renda);SISU;NRenda;2017;no;0;6,3;5,68;F;18;576;579,1;517,9;603,4;920;639,28;5,681666667;223;768;283;84;1;45123
21751337;FT12;FT12;Engenharia Química;IEC037;INTRODUÇÃO A PROGRAMAÇÃO DE COMPUTADORES;8,5;Aprovado;2017; 1° Semestre;1;yes;PSC - NDC2 (Esc. Pub., Independe Renda);PSC;NRenda;2017;no;0;9,13;10;M;17;#N/D;#N/D;#N/D;#N/D;#N/D;#N/D;8,105;147;904;389;87;0;85790
21750049;FT12;FT12;Engenharia Química;IEC037;INTRODUÇÃO A PROGRAMAÇÃO DE COMPUTADORES;6;Aprovado;2017; 1° Semestre;1;yes;PSC - AC (Ampla Concorrência);PSC;AC;2017;no;0;6,92;9,75;M;18;619,7;626,4;534,6;614,2;840;646,98;7,081666667;92;1202;533;77;0;73318
21753426;FT12;FT12;Engenharia Química;IEC037;INTRODUÇÃO A PROGRAMAÇÃO DE COMPUTADORES;6;Aprovado;2017; 1° Semestre;1;yes;SISU - AC (Ampla Concorrência);SISU;AC;2017;no;0;5,58;6,33;F;21;596,1;637,7;627,1;653,8;800;662,94;6,591666667;143;327;252;87;0;32996
21751531;FT12;FT12;Engenharia Química;IEC037;INTRODUÇÃO A PROGRAMAÇÃO DE COMPUTADORES;5,93;Aprovado;2017; 1° Semestre;1;yes;PSC - PPI1 (Esc. Pub., Renda até 1.5);PSC;Renda;2017;yes;0;5,88;9,75;F;17;#N/D;#N/D;#N/D;#N/D;#N/D;#N/D;6,616666667;102;992;506;83;2;39821
21751275;FT12;FT12;Engenharia Química;IEC037;INTRODUÇÃO A PROGRAMAÇÃO DE COMPUTADORES;6,47;Aprovado;2017; 1° Semestre;1;yes;PSC - NDC1 (Esc. Pub., Renda até 1.5);PSC;Renda;2017;no;0;7,67;8,95;F;18;#N/D;#N/D;#N/D;#N/D;#N/D;#N/D;7,473333333;247;473;283;87;0;56407
21753711;FT12;FT12;Engenharia Química;IEC037;INTRODUÇÃO A PROGRAMAÇÃO DE COMPUTADORES;5;Aprovado;2017; 1° Semestre;1;yes;SISU - PPI2 (Esc. Pub., Independe Renda);SISU;NRenda;2017;no;0;2,25;2,33;M;18;599,8;626;578,6;723,8;640;633,64;3,366666667;103;216;288;86;0;14581
21751938;FT12;FT12;Engenharia Química;IEC037;INTRODUÇÃO A PROGRAMAÇÃO DE COMPUTADORES;5,27;Aprovado;2017; 1° Semestre;1;yes;PSC - PPI2 (Esc. Pub., Independe Renda);PSC;NRenda;2017;no;0;5;5,53;M;17;572,1;643,8;512,4;584,5;620;586,56;5,785;111;534;293;87;0;55303
21752807;FT12;FT12;Engenharia Química;IEC037;INTRODUÇÃO A PROGRAMAÇÃO DE COMPUTADORES;8,13;Aprovado;2017; 1° Semestre;1;yes;SISU - AC (Ampla Concorrência);SISU;AC;2017;no;0;8,63;9,75;M;17;642,5;737,2;765,4;768,8;760;734,78;8,181666667;105;811;261;77;7;86593
21752804;FT12;FT12;Engenharia Química;IEC037;INTRODUÇÃO A PROGRAMAÇÃO DE COMPUTADORES;8,4;Aprovado;2017; 1° Semestre;1;yes;SISU - PPI1 (Esc. Pub., Renda até 1.5);SISU;Renda;2017;no;0;5,62;4,7;M;21;585,1;586;586;706,5;780;648,72;3,318333333;205;843;280;87;0;50801
21751529;FT12;FT12;Engenharia Química;IEC037;INTRODUÇÃO A PROGRAMAÇÃO DE COMPUTADORES;5,53;Aprovado;2017; 1° Semestre;1;yes;PSC - PPI1 (Esc. Pub., Renda até 1.5);PSC;Renda;2017;no;0;5;5,9;M;16;#N/D;#N/D;#N/D;#N/D;#N/D;#N/D;5,68;79;285;191;85;0;26420
21753424;FT12;FT12;Engenharia Química;IEC037;INTRODUÇÃO A PROGRAMAÇÃO DE COMPUTADORES;6,2;Aprovado;2017; 1° Semestre;1;yes;SISU - AC (Ampla Concorrência);SISU;AC;2017;no;0;7,5;9,75;F;17;608,7;677,6;645,4;763;700;678,94;7,663333333;92;394;660;82;1;44617
21753423;FT12;FT12;Engenharia Química;IEC037;INTRODUÇÃO A PROGRAMAÇÃO DE COMPUTADORES;8,2;Aprovado;2017; 1° Semestre;1;yes;SISU - AC (Ampla Concorrência);SISU;AC;2017;no;0;5,02;6,4;F;17;643;625;608,3;564;940;676,06;6,013333333;122;746;257;87;0;71250
21750658;FT12;FT12;Engenharia Química;IEC037;INTRODUÇÃO A PROGRAMAÇÃO DE COMPUTADORES;5,83;Aprovado;2017; 1° Semestre;1;yes;PSC - AC (Ampla Concorrência);PSC;AC;2017;no;0;8;9;F;17;600,5;595,8;560,6;565,9;600;584,56;8,02;77;320;249;87;0;39535
21753514;FT12;FT12;Engenharia Química;IEC037;INTRODUÇÃO A PROGRAMAÇÃO DE COMPUTADORES;7,2;Aprovado;2017; 1° Semestre;1;yes;SISU - NDC2 (Esc. Pub., Independe Renda);SISU;NRenda;2017;no;0;7,18;8,9;M;21;579,4;678,4;626,4;681,5;800;673,14;6,256666667;89;380;208;87;0;27189
21753425;FT12;FT12;Engenharia Química;IEC037;INTRODUÇÃO A PROGRAMAÇÃO DE COMPUTADORES;7,53;Aprovado;2017; 1° Semestre;1;yes;SISU - AC (Ampla Concorrência);SISU;AC;2017;no;0;7,45;9;F;17;628,3;697,7;641,8;627,4;780;675,04;7,576666667;96;604;209;87;0;62685
21753859;FT12;FT12;Engenharia Química;IEC037;INTRODUÇÃO A PROGRAMAÇÃO DE COMPUTADORES;5;Aprovado;2017; 1° Semestre;1;yes;PSC - PPI1 (Esc. Pub., Renda até 1.5);PSC;Renda;2017;no;0;1,7;1,93;F;18;#N/D;#N/D;#N/D;#N/D;#N/D;#N/D;3,665;66;82;140;76;0;7542
21754969;FT12;FT12;Engenharia Química;IEC037;INTRODUÇÃO A PROGRAMAÇÃO DE COMPUTADORES;3,6;Reprovado por Nota;2017; 1° Semestre;2;yes;SISU - AC (Ampla Concorrência);SISU;AC;2017;no;0;5,08;4,37;F;21;615,6;629,3;643,7;605,8;640;626,88;5,608333333;105;1430;326;87;0;118395
21754971;FT12;FT12;Engenharia Química;IEC037;INTRODUÇÃO A PROGRAMAÇÃO DE COMPUTADORES;2,53;Reprovado por Nota;2017; 1° Semestre;2;yes;SISU - AC (Ampla Concorrência);SISU;AC;2017;no;0;2,33;2,47;F;18;593,1;600,8;526,6;660,7;580;592,24;4,648333333;161;198;51;26;0;14647
21750215;FT12;FT12;Engenharia Química;IEC037;INTRODUÇÃO A PROGRAMAÇÃO DE COMPUTADORES;5,93;Aprovado;2017; 1° Semestre;1;yes;PSC - PPI1 (Esc. Pub., Renda até 1.5);PSC;Renda;2017;yes;0;2,17;5,02;F;17;#N/D;#N/D;#N/D;#N/D;#N/D;#N/D;4,99;70;346;228;87;0;20425
21750657;FT12;FT12;Engenharia Química;IEC037;INTRODUÇÃO A PROGRAMAÇÃO DE COMPUTADORES;6;Aprovado;2017; 1° Semestre;1;yes;PSC - AC (Ampla Concorrência);PSC;AC;2017;no;0;7,88;5,9;F;17;606,5;646,1;622,6;708,1;800;676,66;7,293333333;132;640;344;86;0;68364
21753709;FT12;FT12;Engenharia Química;IEC037;INTRODUÇÃO A PROGRAMAÇÃO DE COMPUTADORES;2,93;Reprovado por Nota;2017; 1° Semestre;2;yes;SISU - PPI2 (Esc. Pub., Independe Renda);SISU;NRenda;2017;no;0;5,5;5,4;M;34;619,9;680,8;704,6;695;600;660,06;6,121428571;168;1199;383;84;3;78283
21751937;FT12;FT12;Engenharia Química;IEC037;INTRODUÇÃO A PROGRAMAÇÃO DE COMPUTADORES;9,73;Aprovado;2017; 1° Semestre;1;yes;PSC - PPI2 (Esc. Pub., Independe Renda);PSC;NRenda;2017;no;0;6,47;9,5;M;17;#N/D;#N/D;#N/D;#N/D;#N/D;#N/D;7,511666667;207;1124;242;87;0;54677
21754970;FT12;FT12;Engenharia Química;IEC037;INTRODUÇÃO A PROGRAMAÇÃO DE COMPUTADORES;6,13;Aprovado;2017; 1° Semestre;1;yes;SISU - AC (Ampla Concorrência);SISU;AC;2017;no;0;5,1;5;M;26;620,5;627;596;681;520;608,9;5,528235294;273;1409;602;86;0;154316
21753205;IE01;IE01;Estatística;IEC037;INTRODUÇÃO A PROGRAMAÇÃO DE COMPUTADORES;10;Aprovado;2017; 1° Semestre;1;yes;SISU - AC (Ampla Concorrência);SISU;AC;2017;no;0;1,5;3,97;M;24;610;588,9;549,4;693,3;620;612,32;3,8875;162;690;374;87;0;71452
21755148;IE01;IE01;Estatística;IEC037;INTRODUÇÃO A PROGRAMAÇÃO DE COMPUTADORES;8,46;Aprovado;2017; 1° Semestre;1;yes;SISU - AC (Ampla Concorrência);SISU;AC;2017;no;0;0;1,39;F;21;566,8;525;489,7;412,4;720;542,78;3,52;194;605;262;87;0;64917
21753699;IE01;IE01;Estatística;IEC037;INTRODUÇÃO A PROGRAMAÇÃO DE COMPUTADORES;2,21;Reprovado por Nota;2017; 1° Semestre;2;yes;SISU - PPI2 (Esc. Pub., Independe Renda);SISU;NRenda;2017;no;0;0;0;M;17;563,8;597,5;580,6;572,1;540;570,8;2,31;122;727;261;75;0;33022
21753199;IE01;IE01;Estatística;IEC037;INTRODUÇÃO A PROGRAMAÇÃO DE COMPUTADORES;10;Aprovado;2017; 1° Semestre;1;yes;SISU - AC (Ampla Concorrência);SISU;AC;2017;no;0;1,67;2,33;F;18;595,3;595,5;480,9;654,6;740;613,26;4,61;202;1130;393;87;0;80603
21751583;IE01;IE01;Estatística;IEC037;INTRODUÇÃO A PROGRAMAÇÃO DE COMPUTADORES;6,54;Aprovado;2017; 1° Semestre;1;yes;PSC - PPI1 (Esc. Pub., Renda até 1.5);PSC;Renda;2017;no;0;2,83;1,89;M;19;#N/D;#N/D;#N/D;#N/D;#N/D;#N/D;4,145;121;845;182;87;0;71394
21754224;IE01;IE01;Estatística;IEC037;INTRODUÇÃO A PROGRAMAÇÃO DE COMPUTADORES;0,05;Reprovado por Nota;2017; 1° Semestre;2;yes;SISU - PPI2 (Esc. Pub., Independe Renda);SISU;NRenda;2017;yes;0;0,17;0;M;24;461,9;359,9;438,9;385,1;360;401,16;1,015;51;111;140;17;3;14372
21750776;IE01;IE01;Estatística;IEC037;INTRODUÇÃO A PROGRAMAÇÃO DE COMPUTADORES;8,21;Aprovado;2017; 1° Semestre;1;yes;PSC - AC (Ampla Concorrência);PSC;AC;2017;no;0;0,17;0,39;M;20;#N/D;#N/D;#N/D;#N/D;#N/D;#N/D;3,345;96;607;190;87;0;50395
21755151;IE01;IE01;Estatística;IEC037;INTRODUÇÃO A PROGRAMAÇÃO DE COMPUTADORES;5,97;Aprovado;2017; 1° Semestre;1;yes;SISU - AC (Ampla Concorrência);SISU;AC;2017;no;0;0,33;1,56;F;19;469;564,5;508,4;453,1;640;527;3,9175;104;982;174;72;4;83653
21750287;IE01;IE01;Estatística;IEC037;INTRODUÇÃO A PROGRAMAÇÃO DE COMPUTADORES;5,67;Aprovado;2017; 1° Semestre;1;yes;PSC - PPI1 (Esc. Pub., Renda até 1.5);PSC;Renda;2017;no;0;0;0,44;M;18;#N/D;#N/D;#N/D;#N/D;#N/D;#N/D;3,605;79;439;271;73;1;40876
21753202;IE01;IE01;Estatística;IEC037;INTRODUÇÃO A PROGRAMAÇÃO DE COMPUTADORES;9,47;Aprovado;2017; 1° Semestre;1;yes;SISU - AC (Ampla Concorrência);SISU;AC;2017;no;0;1;1,39;F;18;602,5;599;588,9;560,8;680;606,24;3,375;173;1425;390;85;0;87002
21754615;IE01;IE01;Estatística;IEC037;INTRODUÇÃO A PROGRAMAÇÃO DE COMPUTADORES;7,05;Aprovado;2017; 1° Semestre;1;yes;SISU - AC (Ampla Concorrência);SISU;AC;2017;no;0;1;2,11;F;19;563,4;591,6;569,7;638,3;520;576,6;4,1225;130;511;165;87;0;47466
21754223;IE01;IE01;Estatística;IEC037;INTRODUÇÃO A PROGRAMAÇÃO DE COMPUTADORES;5,44;Aprovado;2017; 1° Semestre;1;yes;SISU - PPI2 (Esc. Pub., Independe Renda);SISU;NRenda;2017;no;0;1;2,72;F;16;586,8;569,8;495,1;435,3;360;489,4;3,755;101;161;167;76;1;21293
21752813;IE01;IE01;Estatística;IEC037;INTRODUÇÃO A PROGRAMAÇÃO DE COMPUTADORES;7,05;Aprovado;2017; 1° Semestre;1;yes;SISU - AC (Ampla Concorrência);SISU;AC;2017;yes;0;1;0,33;M;22;511;586,6;644;771;580;618,52;3,1925;131;1996;511;87;0;79210
21752815;IE01;IE01;Estatística;IEC037;INTRODUÇÃO A PROGRAMAÇÃO DE COMPUTADORES;10;Aprovado;2017; 1° Semestre;1;yes;SISU - AC (Ampla Concorrência);SISU;AC;2017;yes;0;9,67;10;M;24;612,5;648,2;520,8;806,1;580;633,52;8,635;136;342;164;87;0;27736
21754222;IE01;IE01;Estatística;IEC037;INTRODUÇÃO A PROGRAMAÇÃO DE COMPUTADORES;2,9;Reprovado por Nota;2017; 1° Semestre;2;yes;SISU - PPI2 (Esc. Pub., Independe Renda);SISU;NRenda;2017;no;0;0;0;F;18;545,5;476,6;488,2;606,8;580;539,42;0;47;146;44;19;2;22036
21754005;IE01;IE01;Estatística;IEC037;INTRODUÇÃO A PROGRAMAÇÃO DE COMPUTADORES;7,91;Aprovado;2017; 1° Semestre;1;yes;SISU - PPI1 (Esc. Pub., Renda até 1.5);SISU;Renda;2017;no;0;1;1,44;F;18;565,3;541,9;574;584,9;480;549,22;3,81;71;614;195;82;0;48910
21753696;IE01;IE01;Estatística;IEC037;INTRODUÇÃO A PROGRAMAÇÃO DE COMPUTADORES;10;Aprovado;2017; 1° Semestre;1;yes;SISU - PPI2 (Esc. Pub., Independe Renda);SISU;NRenda;2017;no;0;0,17;2,28;M;19;554,7;614,5;539,2;656,3;580;588,94;3,89;120;1097;266;87;0;74820
21755152;IE01;IE01;Estatística;IEC037;INTRODUÇÃO A PROGRAMAÇÃO DE COMPUTADORES;6,45;Aprovado;2017; 1° Semestre;1;yes;SISU - AC (Ampla Concorrência);SISU;AC;2017;#N/D;0;0;1,11;M;20;576,1;483,6;465;443,5;600;513,64;2,3225;#N/D;#N/D;#N/D;#N/D;#N/D;#N/D
21752822;IE01;IE01;Estatística;IEC037;INTRODUÇÃO A PROGRAMAÇÃO DE COMPUTADORES;10;Aprovado;2017; 1° Semestre;1;yes;SISU - AC (Ampla Concorrência);SISU;AC;2017;yes;0;5,67;5,22;M;19;586,8;588,6;531,4;673,2;840;644;6,4325;161;607;474;87;0;47348
21753204;IE01;IE01;Estatística;IEC037;INTRODUÇÃO A PROGRAMAÇÃO DE COMPUTADORES;5,64;Aprovado;2017; 1° Semestre;1;yes;SISU - AC (Ampla Concorrência);SISU;AC;2017;yes;0;5,5;0,89;M;21;583,8;575,5;558,4;649,4;560;585,42;4,4225;100;751;184;87;0;42931
21750773;IE01;IE01;Estatística;IEC037;INTRODUÇÃO A PROGRAMAÇÃO DE COMPUTADORES;5,17;Aprovado;2017; 1° Semestre;1;yes;PSC - AC (Ampla Concorrência);PSC;AC;2017;no;0;0,83;0,44;F;18;#N/D;#N/D;#N/D;#N/D;#N/D;#N/D;3,3975;56;240;127;73;0;25535
21753698;IE01;IE01;Estatística;IEC037;INTRODUÇÃO A PROGRAMAÇÃO DE COMPUTADORES;5;Aprovado;2017; 1° Semestre;1;yes;SISU - PPI2 (Esc. Pub., Independe Renda);SISU;NRenda;2017;no;0;0,17;1,56;F;17;498,7;549,5;434,9;618,5;760;572,32;3,9775;146;471;201;87;0;47037
21754618;IE01;IE01;Estatística;IEC037;INTRODUÇÃO A PROGRAMAÇÃO DE COMPUTADORES;6,33;Aprovado;2017; 1° Semestre;1;yes;SISU - AC (Ampla Concorrência);SISU;AC;2017;no;0;0,5;1,72;M;30;584;557,6;518,5;470,5;600;546,12;3,6825;94;1513;641;86;1;81869
21754616;IE01;IE01;Estatística;IEC037;INTRODUÇÃO A PROGRAMAÇÃO DE COMPUTADORES;9,23;Aprovado;2017; 1° Semestre;1;yes;SISU - AC (Ampla Concorrência);SISU;AC;2017;no;0;0,17;3,58;F;19;535,6;612,9;514,5;623,5;580;573,3;4,3725;131;752;196;86;1;71535
21750286;IE01;IE01;Estatística;IEC037;INTRODUÇÃO A PROGRAMAÇÃO DE COMPUTADORES;5,21;Aprovado;2017; 1° Semestre;1;yes;PSC - PPI1 (Esc. Pub., Renda até 1.5);PSC;Renda;2017;no;0;0,17;0,89;M;18;#N/D;#N/D;#N/D;#N/D;#N/D;#N/D;3,2825;180;656;391;82;0;69274
21752821;IE01;IE01;Estatística;IEC037;INTRODUÇÃO A PROGRAMAÇÃO DE COMPUTADORES;9,38;Aprovado;2017; 1° Semestre;1;yes;SISU - AC (Ampla Concorrência);SISU;AC;2017;no;0;0;1,72;M;29;615,5;614,9;589,7;680;600;620,02;3,83;93;684;239;71;0;58672
21752819;IE01;IE01;Estatística;IEC037;INTRODUÇÃO A PROGRAMAÇÃO DE COMPUTADORES;5,05;Aprovado;2017; 1° Semestre;1;yes;SISU - PPI1 (Esc. Pub., Renda até 1.5);SISU;Renda;2017;no;0;0;0;F;17;542,9;599,8;467,3;564,2;800;594,84;2,88;116;412;158;75;3;29083
21552000;IE14;FT02-ET;Física - Bacharelado;IEC081;INTRODUÇÃO A CIÊNCIA DOS COMPUTADORES;3,77;Reprovado por Nota;2017; 1° Semestre;2;no;SISU - PPI1 (Esc. Pub., Renda até 1.5);SISU;Renda;2015;yes;0;0,03;0,67;M;20;556,1;622,4;555,5;649;620;600,6;1,563333333;55;330;109;77;0;17325
21602221;IE14;FT02-T;Física - Bacharelado;IEC081;INTRODUÇÃO A CIÊNCIA DOS COMPUTADORES;5,13;Aprovado;2017; 1° Semestre;1;no;PSC - PPI1 (Esc. Pub., Renda até 1.5);PSC;Renda;2016;no;1;0,33;0,09;F;18;476,4;474,5;407,4;423,9;540;464,44;3,17125;184;848;237;87;0;38436
21602726;IE14;IE14;Física - Bacharelado;IEC081;INTRODUÇÃO A CIÊNCIA DOS COMPUTADORES;10;Aprovado;2017; 1° Semestre;1;no;PSC - AC (Ampla Concorrência);PSC;AC;2016;no;0;5,33;5,51;F;19;608,8;618,9;476,2;478,4;720;580,46;7,296875;87;815;167;86;0;72477
21351473;IE14;IE14;Física - Bacharelado;IEC081;INTRODUÇÃO A CIÊNCIA DOS COMPUTADORES;6,18;Aprovado;2017; 1° Semestre;1;no;SISU - AC (Ampla Concorrência);SISU;AC;2013;no;1;1,11;3,53;M;23;611,2;647,5;605,9;712,5;640;643,42;3,44625;92;174;73;34;2;17080
21201083;IE14;IE14;Física - Bacharelado;IEC081;INTRODUÇÃO A CIÊNCIA DOS COMPUTADORES;7,22;Aprovado;2017; 1° Semestre;1;no;PSC - Processo Seletivo Contínuo;PSC;AC;2012;no;1;5,07;3,13;F;23;#N/D;#N/D;#N/D;#N/D;#N/D;#N/D;2,928363636;229;851;239;73;7;54149
21602723;IE14;IE14;Física - Bacharelado;IEC081;INTRODUÇÃO A CIÊNCIA DOS COMPUTADORES;4,23;Reprovado por Nota;2017; 1° Semestre;2;no;PSC - AC (Ampla Concorrência);PSC;AC;2016;yes;0;2,23;3,01;M;18;#N/D;#N/D;#N/D;#N/D;#N/D;#N/D;4,706428571;100;620;253;67;2;35256
21602724;IE14;IE14;Física - Bacharelado;IEC081;INTRODUÇÃO A CIÊNCIA DOS COMPUTADORES;2,77;Reprovado por Nota;2017; 1° Semestre;2;no;PSC - AC (Ampla Concorrência);PSC;AC;2016;no;0;6;2,06;F;18;515,2;578,4;547,4;710,8;700;610,36;4,253571429;98;224;249;43;5;21354
21354668;IE14;IE14;Física - Bacharelado;IEC081;INTRODUÇÃO A CIÊNCIA DOS COMPUTADORES;1,19;Reprovado por Nota;2017; 1° Semestre;2;no;PSC - AC (Ampla Concorrência);PSC;AC;2013;yes;1;5,11;5,03;M;22;#N/D;#N/D;#N/D;#N/D;#N/D;#N/D;3,036888889;72;372;194;36;5;27743
21601138;IE14;IE14;Física - Bacharelado;IEC081;INTRODUÇÃO A CIÊNCIA DOS COMPUTADORES;10;Aprovado;2017; 1° Semestre;1;no;SISU - AC (Ampla Concorrência);SISU;AC;2016;yes;1;8,6;5,88;M;20;594,3;672,8;644,6;692,2;600;640,78;6,076875;159;375;253;87;0;31076
21602730;IE14;IE14;Física - Bacharelado;IEC081;INTRODUÇÃO A CIÊNCIA DOS COMPUTADORES;6,26;Aprovado;2017; 1° Semestre;1;no;PSC - AC (Ampla Concorrência);PSC;AC;2016;no;0;2,17;0,91;F;17;442,2;584,9;590,2;585,2;560;552,5;5,371538462;106;511;169;84;2;56495
21601115;IE14;IE14;Física - Bacharelado;IEC081;INTRODUÇÃO A CIÊNCIA DOS COMPUTADORES;8,33;Aprovado;2017; 1° Semestre;1;no;SISU - PPI2 (Esc. Pub., Independe Renda);SISU;NRenda;2016;no;0;3,27;5;F;18;580;629;596,3;665;660;626,06;5,89;88;639;159;84;1;73553
21602732;IE14;IE14;Física - Bacharelado;IEC081;INTRODUÇÃO A CIÊNCIA DOS COMPUTADORES;5,85;Aprovado;2017; 1° Semestre;1;no;PSC - PPI1 (Esc. Pub., Renda até 1.5);PSC;Renda;2016;no;0;3,6;1,41;F;20;586,7;611,1;480,6;564,2;600;568,52;4,383333333;80;551;123;63;1;47709
21454714;IE14;IE14;Física - Bacharelado;IEC081;INTRODUÇÃO A CIÊNCIA DOS COMPUTADORES;2,86;Reprovado por Nota;2017; 1° Semestre;2;no;PSC - AC (Ampla Concorrência);PSC;AC;2014;yes;1;0,49;0;M;21;#N/D;#N/D;#N/D;#N/D;#N/D;#N/D;1,07;141;986;171;55;4;48931
21601484;IE14;FT02-T;Física - Bacharelado;IEC081;INTRODUÇÃO A CIÊNCIA DOS COMPUTADORES;6,28;Aprovado;2017; 1° Semestre;1;no;SISU - PPI1 (Esc. Pub., Renda até 1.5);SISU;Renda;2016;no;1;0,67;2,79;M;21;506;515,9;410,5;483,8;540;491,24;4,7065;247;0;8;4;1;0
21600566;IE14;IE14;Física - Bacharelado;IEC081;INTRODUÇÃO A CIÊNCIA DOS COMPUTADORES;7,94;Aprovado;2017; 1° Semestre;1;no;SISU - AC (Ampla Concorrência);SISU;AC;2016;no;0;8,67;8,27;M;19;611,7;640,8;630,8;680,8;700;652,82;7,709333333;75;1029;275;85;2;52627
21602736;IE14;IE14;Física - Bacharelado;IEC081;INTRODUÇÃO A CIÊNCIA DOS COMPUTADORES;5,04;Aprovado;2017; 1° Semestre;1;no;PSC - PPI2 (Esc. Pub., Independe Renda);PSC;NRenda;2016;no;0;0;0,04;F;19;478,5;459,4;364;527,7;320;429,92;1,695833333;68;50;96;64;0;4707
21602725;IE14;IE14;Física - Bacharelado;IEC081;INTRODUÇÃO A CIÊNCIA DOS COMPUTADORES;5,87;Aprovado;2017; 1° Semestre;1;no;PSC - AC (Ampla Concorrência);PSC;AC;2016;no;0;8,67;6,7;M;19;515,4;631,1;532,5;636,9;620;587,18;3,755714286;92;625;161;82;1;54813
21601569;IE14;FT02-E;Física - Bacharelado;IEC081;INTRODUÇÃO A CIÊNCIA DOS COMPUTADORES;6,79;Aprovado;2017; 1° Semestre;1;no;SISU - PPI2 (Esc. Pub., Independe Renda);SISU;NRenda;2016;no;1;0,35;0,58;F;18;597,6;578;598,6;440,5;780;598,94;4,059;233;27;24;14;0;1874
21553949;IE14;IE14;Física - Bacharelado;IEC081;INTRODUÇÃO A CIÊNCIA DOS COMPUTADORES;5,57;Aprovado;2017; 1° Semestre;1;no;PSC - PPI1 (Esc. Pub., Renda até 1.5);PSC;Renda;2015;yes;1;0,51;3,38;M;19;569,7;586,9;553,8;574,3;600;576,94;3,50625;166;285;176;87;0;17747
21553846;IE13;IE03-L;Física - Licenciatura;IEC081;INTRODUÇÃO A CIÊNCIA DOS COMPUTADORES;5,03;Aprovado;2017; 1° Semestre;1;no;PSC - AC (Ampla Concorrência);PSC;AC;2015;no;1;7,37;5,41;M;19;#N/D;#N/D;#N/D;#N/D;#N/D;#N/D;5,995769231;123;440;307;82;1;21342
21553817;IE13;IE10;Física - Licenciatura;IEC081;INTRODUÇÃO A CIÊNCIA DOS COMPUTADORES;5,77;Aprovado;2017; 1° Semestre;1;no;PSC - AC (Ampla Concorrência);PSC;AC;2015;no;0;5,5;5,57;M;19;494,7;489,7;472,1;455,3;520;486,36;6,42125;285;1710;508;87;0;87121
21555500;IE13;IE13;Física - Licenciatura;IEC081;INTRODUÇÃO A CIÊNCIA DOS COMPUTADORES;2,31;Reprovado por Nota;2017; 1° Semestre;2;no;Mandado Judicial;Outro;AC;2015;no;1;0,29;0,13;F;20;565,9;613,9;541,5;515,8;620;571,42;3,470666667;240;275;218;87;0;14614
21600386;IE13;IE13;Física - Licenciatura;IEC081;INTRODUÇÃO A CIÊNCIA DOS COMPUTADORES;5;Aprovado;2017; 1° Semestre;1;yes;SISU - AC (Ampla Concorrência);SISU;AC;2016;no;0;7,27;5,01;F;18;575,3;624,3;629,5;683,5;620;626,52;7,834736842;101;401;221;85;0;23840
21553954;IE13;IE13;Física - Licenciatura;IEC081;INTRODUÇÃO A CIÊNCIA DOS COMPUTADORES;6,67;Aprovado;2017; 1° Semestre;1;no;PSC - PPI1 (Esc. Pub., Renda até 1.5);PSC;Renda;2015;no;0;0,22;3,47;F;20;504;595,1;556,7;459,2;620;547;6,415416667;167;1053;275;87;0;57994
21002668;IE13;IE13;Física - Licenciatura;IEC081;INTRODUÇÃO A CIÊNCIA DOS COMPUTADORES;2,67;Reprovado por Nota;2017; 1° Semestre;2;no;PSC - Processo Seletivo Contínuo;PSC;AC;2010;yes;1;0,33;5,05;M;25;#N/D;#N/D;#N/D;#N/D;#N/D;#N/D;0,903333333;112;1440;206;49;7;100162
21754767;IE13;IE13;Física - Licenciatura;IEC081;INTRODUÇÃO A CIÊNCIA DOS COMPUTADORES;6,18;Aprovado;2017; 1° Semestre;1;no;SISU - AC (Ampla Concorrência);SISU;AC;2017;no;0;5,17;7,5;F;23;523,2;615,7;547,7;725,8;600;602,48;6,3915;100;877;219;72;8;53520
21650777;IE13;IE13;Física - Licenciatura;IEC081;INTRODUÇÃO A CIÊNCIA DOS COMPUTADORES;1,7;Reprovado por Nota;2017; 1° Semestre;2;yes;SISU - NDC2 (Esc. Pub., Independe Renda);SISU;NRenda;2016;yes;0;1,27;1,47;M;17;555,2;607,9;553,7;597,4;500;562,84;4,998823529;98;382;161;37;1;24241
21600387;IE13;IE13;Física - Licenciatura;IEC081;INTRODUÇÃO A CIÊNCIA DOS COMPUTADORES;10;Aprovado;2017; 1° Semestre;1;yes;SISU - AC (Ampla Concorrência);SISU;AC;2016;no;0;8,93;5,98;M;18;620,3;671,4;637;745,8;620;658,9;8,476315789;79;638;179;86;1;54624
21453516;IE13;IE13;Física - Licenciatura;IEC081;INTRODUÇÃO A CIÊNCIA DOS COMPUTADORES;5,51;Aprovado;2017; 1° Semestre;1;no;PSC - AC (Ampla Concorrência);PSC;AC;2014;yes;1;1,22;2,67;F;21;#N/D;#N/D;#N/D;#N/D;#N/D;#N/D;3,424358974;254;348;142;68;2;31330
21600597;IE13;IE13;Física - Licenciatura;IEC081;INTRODUÇÃO A CIÊNCIA DOS COMPUTADORES;9,76;Aprovado;2017; 1° Semestre;1;yes;SISU - NDC1 (Esc. Pub., Renda até 1.5);SISU;Renda;2016;no;0;7;5,5;M;20;537,5;535;571;714,3;640;599,56;7,913333333;78;679;197;84;0;57342
21554896;IE13;IE13;Física - Licenciatura;IEC081;INTRODUÇÃO A CIÊNCIA DOS COMPUTADORES;5,95;Aprovado;2017; 1° Semestre;1;no;PSC - AC (Ampla Concorrência);PSC;AC;2015;no;1;0,55;1,18;F;19;394,2;542,3;505,7;480,1;660;516,46;4,884074074;77;271;171;76;0;23358
21650086;IE13;IE13;Física - Licenciatura;IEC081;INTRODUÇÃO A CIÊNCIA DOS COMPUTADORES;3,51;Reprovado por Nota;2017; 1° Semestre;2;yes;PSC - AC (Ampla Concorrência);PSC;AC;2016;no;0;0,33;0,24;M;20;#N/D;#N/D;#N/D;#N/D;#N/D;#N/D;4,173333333;162;603;212;66;4;32386
21553803;IE13;IE13;Física - Licenciatura;IEC081;INTRODUÇÃO A CIÊNCIA DOS COMPUTADORES;5,69;Aprovado;2017; 1° Semestre;1;no;PSC - AC (Ampla Concorrência);PSC;AC;2015;no;1;0;0,73;M;19;#N/D;#N/D;#N/D;#N/D;#N/D;#N/D;3,562962963;94;400;331;76;1;30056
21553816;IE13;IE10;Física - Licenciatura;IEC081;INTRODUÇÃO A CIÊNCIA DOS COMPUTADORES;5,51;Aprovado;2017; 1° Semestre;1;no;PSC - AC (Ampla Concorrência);PSC;AC;2015;no;1;5,83;7,71;F;20;#N/D;#N/D;#N/D;#N/D;#N/D;#N/D;7,04173913;175;1301;406;87;0;73304
21753252;IE03-B;IE03-B;Matemática - Bacharelado;IEC081;INTRODUÇÃO A CIÊNCIA DOS COMPUTADORES;3,41;Reprovado por Nota;2017; 1° Semestre;2;yes;SISU - AC (Ampla Concorrência);SISU;AC;2017;no;0;0;0,44;M;31;659,5;746;606,3;624,1;720;671,18;3,3175;61;380;139;61;0;43797
21750216;IE03-B;IE03-B;Matemática - Bacharelado;IEC081;INTRODUÇÃO A CIÊNCIA DOS COMPUTADORES;0,73;Reprovado por Nota;2017; 1° Semestre;2;yes;PSC - PPI1 (Esc. Pub., Renda até 1.5);PSC;Renda;2017;no;0;0,1;3,14;M;18;543,2;576,6;430,1;383,3;600;506,64;3,5775;49;191;97;47;0;17612
21753566;IE03-B;IE03-B;Matemática - Bacharelado;IEC081;INTRODUÇÃO A CIÊNCIA DOS COMPUTADORES;3,74;Reprovado por Nota;2017; 1° Semestre;2;yes;SISU - PPI1 (Esc. Pub., Renda até 1.5);SISU;Renda;2017;yes;0;4,4;9,14;M;18;536,3;522,5;566,9;612,4;700;587,62;6,385;282;1189;540;75;4;68326
21601151;IE03-B;FT02-T;Matemática - Bacharelado;IEC081;INTRODUÇÃO A CIÊNCIA DOS COMPUTADORES;2,23;Reprovado por Nota;2017; 1° Semestre;2;no;SISU - AC (Ampla Concorrência);SISU;AC;2016;no;1;6,27;6;M;25;533,2;622,5;646,3;783,3;780;673,06;4,667142857;182;58;152;86;0;4309
21750784;IE03-B;IE03-B;Matemática - Bacharelado;IEC081;INTRODUÇÃO A CIÊNCIA DOS COMPUTADORES;0,97;Reprovado por Nota;2017; 1° Semestre;2;yes;PSC - AC (Ampla Concorrência);PSC;AC;2017;no;0;0,6;1,74;M;18;505,3;547,7;542,9;526,5;480;520,48;3,325;49;445;174;33;2;26010
21754248;IE03-B;IE03-B;Matemática - Bacharelado;IEC081;INTRODUÇÃO A CIÊNCIA DOS COMPUTADORES;0,64;Reprovado por Nota;2017; 1° Semestre;2;yes;SISU - PPI2 (Esc. Pub., Independe Renda);SISU;NRenda;2017;no;0;2,13;7,44;M;18;544,1;518,1;596,5;672,6;560;578,26;5,925;52;134;56;33;0;13859
21751979;IE03-B;IE03-B;Matemática - Bacharelado;IEC081;INTRODUÇÃO A CIÊNCIA DOS COMPUTADORES;10;Aprovado;2017; 1° Semestre;1;yes;PSC - PPI2 (Esc. Pub., Independe Renda);PSC;NRenda;2017;yes;0;5;8,81;M;17;#N/D;#N/D;#N/D;#N/D;#N/D;#N/D;7,245;285;1548;272;86;1;81568
21755033;IE03-B;IE03-B;Matemática - Bacharelado;IEC081;INTRODUÇÃO A CIÊNCIA DOS COMPUTADORES;3,1;Reprovado por Nota;2017; 1° Semestre;2;yes;PSC - AC (Ampla Concorrência);PSC;AC;2017;no;0;0,4;7,12;M;17;#N/D;#N/D;#N/D;#N/D;#N/D;#N/D;5,43;82;1073;334;56;6;58681
21650910;IE03-L;IE03-L;Matemática - Licenciatura;IEC081;INTRODUÇÃO A CIÊNCIA DOS COMPUTADORES;7,18;Aprovado;2017; 1° Semestre;1;yes;SISU - AC (Ampla Concorrência);SISU;AC;2016;no;0;0,96;0,18;F;35;441,7;645,8;560;642,1;580;573,92;6,480769231;79;819;300;87;0;103369
21453655;IE03-L;IE07;Matemática - Licenciatura;IEC081;INTRODUÇÃO A CIÊNCIA DOS COMPUTADORES;1,68;Reprovado por Nota;2017; 1° Semestre;2;no;PSC - PPI1 (Esc. Pub., Renda até 1.5);PSC;Renda;2014;no;1;6,89;0,87;F;21;505,7;542,3;400;541,6;800;557,92;4,692777778;74;250;155;35;15;33074
21554998;IE03-L;IE03-L;Matemática - Licenciatura;IEC081;INTRODUÇÃO A CIÊNCIA DOS COMPUTADORES;7,44;Aprovado;2017; 1° Semestre;1;no;PSC - AC (Ampla Concorrência);PSC;AC;2015;yes;1;5;5,01;F;20;#N/D;#N/D;#N/D;#N/D;#N/D;#N/D;4,904782609;101;276;191;87;0;19178
21457299;IE03-L;IE03-L;Matemática - Licenciatura;IEC081;INTRODUÇÃO A CIÊNCIA DOS COMPUTADORES;8,61;Aprovado;2017; 1° Semestre;1;no;SISU - AC (Ampla Concorrência);SISU;AC;2014;yes;1;1,21;5,09;M;23;558,7;596,3;607,3;708,1;540;602,08;5,926969697;63;285;177;70;0;39240
21353201;IE03-L;FT06;Matemática - Licenciatura;IEC081;INTRODUÇÃO A CIÊNCIA DOS COMPUTADORES;6,79;Aprovado;2017; 1° Semestre;1;no;PSC - AC (Ampla Concorrência);PSC;AC;2013;no;1;4,67;1,33;M;21;577,8;550,8;534,6;597,3;820;616,1;5,599803922;95;406;330;86;1;36329
21553857;IE03-L;IE07;Matemática - Licenciatura;IEC081;INTRODUÇÃO A CIÊNCIA DOS COMPUTADORES;6,79;Aprovado;2017; 1° Semestre;1;no;PSC - AC (Ampla Concorrência);PSC;AC;2015;no;1;3,07;2;M;19;583,5;573,8;506,1;474,4;680;563,56;6,125925926;116;461;1120;87;0;62259
21555037;IE03-L;IE13;Matemática - Licenciatura;IEC081;INTRODUÇÃO A CIÊNCIA DOS COMPUTADORES;3,77;Reprovado por Nota;2017; 1° Semestre;2;no;PSC - NDC1 (Esc. Pub., Renda até 1.5);PSC;Renda;2015;no;1;0;3,07;M;18;499,7;508,5;406,7;636,5;360;482,28;2,500833333;60;226;170;57;1;16849
21651363;IE03-L;IE16;Matemática - Licenciatura;IEC081;INTRODUÇÃO A CIÊNCIA DOS COMPUTADORES;6,29;Aprovado;2017; 1° Semestre;1;no;PSC - AC (Ampla Concorrência);PSC;AC;2016;no;1;5,5;0,93;M;19;536,1;514;488,3;416,4;480;486,96;3,653333333;134;699;178;87;0;44293
21602596;IE03-L;IE03-L;Matemática - Licenciatura;IEC081;INTRODUÇÃO A CIÊNCIA DOS COMPUTADORES;10;Aprovado;2017; 1° Semestre;1;yes;PSC - AC (Ampla Concorrência);PSC;AC;2016;no;0;7,72;0,71;F;18;506;541,1;467,9;540,6;620;535,12;7,336666667;211;623;229;87;0;56496
21650054;IE03-L;FT02-E;Matemática - Licenciatura;IEC081;INTRODUÇÃO A CIÊNCIA DOS COMPUTADORES;10;Aprovado;2017; 1° Semestre;1;no;PSC - AC (Ampla Concorrência);PSC;AC;2016;yes;1;2,61;0,69;M;19;#N/D;#N/D;#N/D;#N/D;#N/D;#N/D;4,396111111;192;693;227;87;0;39246
21350253;IE03-L;IE03-L;Matemática - Licenciatura;IEC081;INTRODUÇÃO A CIÊNCIA DOS COMPUTADORES;1,25;Reprovado por Nota;2017; 1° Semestre;2;no;SISU - PPI1 (Esc. Pub., Renda até 1.5);SISU;Renda;2013;yes;1;0;0;M;33;373,6;448,8;411,6;510,3;480;444,86;1,759767442;151;426;140;45;1;35797
21353703;IE03-L;IE14;Matemática - Licenciatura;IEC081;INTRODUÇÃO A CIÊNCIA DOS COMPUTADORES;5;Aprovado;2017; 1° Semestre;1;no;PSC - AC (Ampla Concorrência);PSC;AC;2013;yes;1;5;5;F;22;517,8;602,2;380;406,1;660;513,22;2,132051282;52;153;121;75;0;20607
21600586;IE03-L;IE03-L;Matemática - Licenciatura;IEC081;INTRODUÇÃO A CIÊNCIA DOS COMPUTADORES;3,9;Reprovado por Nota;2017; 1° Semestre;2;yes;SISU - NDC1 (Esc. Pub., Renda até 1.5);SISU;Renda;2016;no;0;1,52;0;F;26;464;563;487,1;695,5;760;593,92;5,348571429;73;622;285;87;0;37530
21553848;IE03-L;IE03-L;Matemática - Licenciatura;IEC081;INTRODUÇÃO A CIÊNCIA DOS COMPUTADORES;8,72;Aprovado;2017; 1° Semestre;1;no;PSC - AC (Ampla Concorrência);PSC;AC;2015;yes;1;1,5;1,01;F;19;541;592,8;547,6;516,6;600;559,6;5,11125;133;86;226;87;0;18010
21601130;IE03-L;IE03-L;Matemática - Licenciatura;IEC081;INTRODUÇÃO A CIÊNCIA DOS COMPUTADORES;5,77;Aprovado;2017; 1° Semestre;1;yes;SISU - AC (Ampla Concorrência);SISU;AC;2016;no;0;0,67;0;M;19;425,7;674,7;560,9;751;760;634,46;2,463;85;1184;378;87;0;75759
21602615;IE03-L;IE07;Matemática - Licenciatura;IEC081;INTRODUÇÃO A CIÊNCIA DOS COMPUTADORES;9,74;Aprovado;2017; 1° Semestre;1;yes;PSC - AC (Ampla Concorrência);PSC;AC;2016;no;0;7,17;5,01;M;19;430,3;577,1;388,7;488,6;700;516,94;7,677857143;81;306;180;87;0;44306
21552498;IE03-L;IE03-L;Matemática - Licenciatura;IEC081;INTRODUÇÃO A CIÊNCIA DOS COMPUTADORES;7,95;Aprovado;2017; 1° Semestre;1;no;SISU - AC (Ampla Concorrência);SISU;AC;2015;yes;1;0,33;1,41;M;20;471;620,7;514,1;444,5;580;526,06;3,99875;127;53;195;87;0;6311
21602607;IE03-L;IE03-L;Matemática - Licenciatura;IEC081;INTRODUÇÃO A CIÊNCIA DOS COMPUTADORES;2,81;Reprovado por Nota;2017; 1° Semestre;2;yes;PSC - PPI2 (Esc. Pub., Independe Renda);PSC;NRenda;2016;no;0;0,83;0,18;F;19;#N/D;#N/D;#N/D;#N/D;#N/D;#N/D;6,202307692;176;781;366;86;1;47350
21650274;IE03-L;FT02-T;Matemática - Licenciatura;IEC081;INTRODUÇÃO A CIÊNCIA DOS COMPUTADORES;5,38;Aprovado;2017; 1° Semestre;1;no;PSC - PPI2 (Esc. Pub., Independe Renda);PSC;NRenda;2016;no;1;0,67;3,69;F;18;#N/D;#N/D;#N/D;#N/D;#N/D;#N/D;4,448888889;234;338;186;86;1;31259
21602620;IE03-L;IE07;Matemática - Licenciatura;IEC081;INTRODUÇÃO A CIÊNCIA DOS COMPUTADORES;10;Aprovado;2017; 1° Semestre;1;yes;PSC - AC (Ampla Concorrência);PSC;AC;2016;no;0;7,33;5,01;F;18;477,4;517,9;517,1;469,5;580;512,38;7,342;92;524;168;87;0;50940
21602215;IE03-L;FT02-ET;Matemática - Licenciatura;IEC081;INTRODUÇÃO A CIÊNCIA DOS COMPUTADORES;10;Aprovado;2017; 1° Semestre;1;no;PSC - AC (Ampla Concorrência);PSC;AC;2016;no;1;0,22;0,19;M;18;#N/D;#N/D;#N/D;#N/D;#N/D;#N/D;2,535789474;152;632;277;87;0;39929
21651366;IE03-L;IE03-L;Matemática - Licenciatura;IEC081;INTRODUÇÃO A CIÊNCIA DOS COMPUTADORES;9,16;Aprovado;2017; 1° Semestre;1;yes;PSC - AC (Ampla Concorrência);PSC;AC;2016;no;0;0,26;0;F;19;473,8;536,9;504,5;507,9;440;492,62;2,955454545;64;113;205;87;0;12341
21650879;IE03-L;FT02-E;Matemática - Licenciatura;IEC081;INTRODUÇÃO A CIÊNCIA DOS COMPUTADORES;5,38;Aprovado;2017; 1° Semestre;1;no;SISU - AC (Ampla Concorrência);SISU;AC;2016;no;1;6,28;5,09;F;19;547,6;625,5;585,7;579,2;840;635,6;4,718333333;168;361;294;87;0;35597
21550891;IE03-L;IE03-L;Matemática - Licenciatura;IEC081;INTRODUÇÃO A CIÊNCIA DOS COMPUTADORES;5,2;Aprovado;2017; 1° Semestre;1;no;SISU - PPI2 (Esc. Pub., Independe Renda);SISU;NRenda;2015;yes;1;0,17;1,98;M;20;593;623,1;618,2;632,7;640;621,4;4,590526316;109;942;227;79;1;71551
21602602;IE03-L;IE03-L;Matemática - Licenciatura;IEC081;INTRODUÇÃO A CIÊNCIA DOS COMPUTADORES;7,56;Aprovado;2017; 1° Semestre;1;yes;PSC - NDC2 (Esc. Pub., Independe Renda);PSC;NRenda;2016;no;0;0,22;0;F;19;474,6;475,4;454,9;378,3;340;424,64;3,530833333;95;552;237;87;0;42322
21602603;IE03-L;IE03-L;Matemática - Licenciatura;IEC081;INTRODUÇÃO A CIÊNCIA DOS COMPUTADORES;10;Aprovado;2017; 1° Semestre;1;yes;PSC - PPI1 (Esc. Pub., Renda até 1.5);PSC;Renda;2016;no;0;5,41;5,01;M;19;554,2;597,7;503,3;735;760;630,04;7,809411765;119;683;186;86;0;67854
21450002;IE03-L;IE07;Matemática - Licenciatura;IEC081;INTRODUÇÃO A CIÊNCIA DOS COMPUTADORES;2,29;Reprovado por Nota;2017; 1° Semestre;2;no;Mandado Judicial;Outro;AC;2014;yes;1;8;7,3;M;22;#N/D;#N/D;#N/D;#N/D;#N/D;#N/D;2,353333333;107;966;165;48;2;37787
21602601;IE03-L;IE03-L;Matemática - Licenciatura;IEC081;INTRODUÇÃO A CIÊNCIA DOS COMPUTADORES;5,51;Aprovado;2017; 1° Semestre;1;yes;PSC - AC (Ampla Concorrência);PSC;AC;2016;no;0;2,29;0;F;19;485,3;548,4;399,3;419,9;640;498,58;6,48875;95;466;218;87;0;60175
21553858;IE07;IE07;Matemática - Licenciatura;IEC081;INTRODUÇÃO A CIÊNCIA DOS COMPUTADORES;8,93;Aprovado;2017; 1° Semestre;1;no;PSC - AC (Ampla Concorrência);PSC;AC;2015;yes;0;4,17;7,17;M;20;#N/D;#N/D;#N/D;#N/D;#N/D;#N/D;5,292916667;63;443;152;80;0;43075
21601128;IE07;IE07;Matemática - Licenciatura;IEC081;INTRODUÇÃO A CIÊNCIA DOS COMPUTADORES;9,12;Aprovado;2017; 1° Semestre;1;yes;SISU - AC (Ampla Concorrência);SISU;AC;2016;yes;0;8,67;8,88;F;19;510,2;611,1;527,8;685,4;720;610,9;8,2;66;239;346;70;1;36619
21601593;IE07;IE07;Matemática - Licenciatura;IEC081;INTRODUÇÃO A CIÊNCIA DOS COMPUTADORES;9,25;Aprovado;2017; 1° Semestre;1;yes;SISU - PPI2 (Esc. Pub., Independe Renda);SISU;NRenda;2016;no;0;5;1,67;M;27;562,7;640,3;509,4;549,4;740;600,36;5,727692308;247;698;252;53;1;39973
21651499;IE07;IE07;Matemática - Licenciatura;IEC081;INTRODUÇÃO A CIÊNCIA DOS COMPUTADORES;9,39;Aprovado;2017; 1° Semestre;1;yes;SISU - AC (Ampla Concorrência);SISU;AC;2016;no;0;6;2,79;M;18;452,7;580,8;528,4;544,8;760;573,34;6,7675;84;912;284;73;1;70242
21602633;IE07;IE07;Matemática - Licenciatura;IEC081;INTRODUÇÃO A CIÊNCIA DOS COMPUTADORES;7,8;Aprovado;2017; 1° Semestre;1;yes;PSC - PPI2 (Esc. Pub., Independe Renda);PSC;NRenda;2016;no;0;1,67;0,49;M;19;#N/D;#N/D;#N/D;#N/D;#N/D;#N/D;6,699166667;70;527;225;76;1;39814
21600269;IE07;IE07;Matemática - Licenciatura;IEC081;INTRODUÇÃO A CIÊNCIA DOS COMPUTADORES;10;Aprovado;2017; 1° Semestre;1;yes;SISU - AC (Ampla Concorrência);SISU;AC;2016;yes;0;5,33;6,3;M;33;593,2;662,9;587,7;735;600;635,76;4,964166667;65;431;159;86;0;36348
21552243;IE07;IE07;Matemática - Licenciatura;IEC081;INTRODUÇÃO A CIÊNCIA DOS COMPUTADORES;2,35;Reprovado por Nota;2017; 1° Semestre;2;no;SISU - PPI2 (Esc. Pub., Independe Renda);SISU;NRenda;2015;no;0;1,17;0;M;20;550,4;599,2;554,8;549,3;560;562,74;5,741052632;298;638;222;63;4;51101
20902904;IE07;IE07;Matemática - Licenciatura;IEC081;INTRODUÇÃO A CIÊNCIA DOS COMPUTADORES;1,49;Reprovado por Nota;2017; 1° Semestre;2;no;PSC - Processo Seletivo Contínuo;PSC;AC;2009;yes;1;7,33;5,45;F;25;#N/D;#N/D;#N/D;#N/D;#N/D;#N/D;4,295;263;506;170;48;3;37276
21204546;IE07;IE07;Matemática - Licenciatura;IEC081;INTRODUÇÃO A CIÊNCIA DOS COMPUTADORES;0,95;Reprovado por Nota;2017; 1° Semestre;2;no;SISU;SISU;AC;2012;no;1;6,33;5,67;M;40;622,7;602,9;536,6;630,1;740;626,46;3,303636364;216;594;170;71;1;57736
21552506;IE07;IE07;Matemática - Licenciatura;IEC081;INTRODUÇÃO A CIÊNCIA DOS COMPUTADORES;8,21;Aprovado;2017; 1° Semestre;1;no;SISU - AC (Ampla Concorrência);SISU;AC;2015;no;0;4,27;5,83;M;36;504,8;603;589;651,8;480;565,72;6,583181818;178;726;357;86;0;45847
21650351;IE07;IE07;Matemática - Licenciatura;IEC081;INTRODUÇÃO A CIÊNCIA DOS COMPUTADORES;5,12;Aprovado;2017; 1° Semestre;1;yes;SISU - PPI1 (Esc. Pub., Renda até 1.5);SISU;Renda;2016;no;0;2,67;2,28;M;37;550;607,4;502,3;521,9;640;564,32;6,109230769;118;357;168;68;3;56869
21650913;IE07;IE07;Matemática - Licenciatura;IEC081;INTRODUÇÃO A CIÊNCIA DOS COMPUTADORES;9,24;Aprovado;2017; 1° Semestre;1;yes;SISU - AC (Ampla Concorrência);SISU;AC;2016;no;0;7,5;2,11;M;26;516;631,1;612,6;606,1;620;597,16;7,126666667;65;596;253;86;0;52141
21650352;IE07;IE07;Matemática - Licenciatura;IEC081;INTRODUÇÃO A CIÊNCIA DOS COMPUTADORES;0,56;Reprovado por Nota;2017; 1° Semestre;2;yes;SISU - PPI1 (Esc. Pub., Renda até 1.5);SISU;Renda;2016;no;0;6;5,92;M;23;489,6;591,3;566;592,7;540;555,92;6,06;106;242;85;51;3;27944
21555153;IE07;FT02-E;Matemática - Licenciatura;IEC081;INTRODUÇÃO A CIÊNCIA DOS COMPUTADORES;6,14;Aprovado;2017; 1° Semestre;1;no;PSC - PPI2 (Esc. Pub., Independe Renda);PSC;NRenda;2015;yes;1;5,23;5,17;M;21;458,4;593;548,4;518,4;520;527,64;3,042173913;100;330;131;49;5;30465
21554889;IE07;IE07;Matemática - Licenciatura;IEC081;INTRODUÇÃO A CIÊNCIA DOS COMPUTADORES;6,67;Aprovado;2017; 1° Semestre;1;no;PSC - AC (Ampla Concorrência);PSC;AC;2015;no;1;1,5;5;F;20;557,8;597;412,1;535,9;640;548,56;4,7584;88;254;255;86;0;10832
21602609;IE07;IE07;Matemática - Licenciatura;IEC081;INTRODUÇÃO A CIÊNCIA DOS COMPUTADORES;6,88;Aprovado;2017; 1° Semestre;1;yes;PSC - AC (Ampla Concorrência);PSC;AC;2016;no;0;7,17;5;M;19;556;568,6;549,3;480,5;560;542,88;6,924;84;490;220;72;1;42046
21553856;IE07;IE07;Matemática - Licenciatura;IEC081;INTRODUÇÃO A CIÊNCIA DOS COMPUTADORES;7,43;Aprovado;2017; 1° Semestre;1;no;PSC - AC (Ampla Concorrência);PSC;AC;2015;no;0;6,2;7,5;F;20;#N/D;#N/D;#N/D;#N/D;#N/D;#N/D;5,163076923;68;759;366;84;2;42144
21651455;IE07;IE07;Matemática - Licenciatura;IEC081;INTRODUÇÃO A CIÊNCIA DOS COMPUTADORES;7,55;Aprovado;2017; 1° Semestre;1;yes;SISU - PPI1 (Esc. Pub., Renda até 1.5);SISU;Renda;2016;yes;0;6,5;6,23;M;18;553,4;589,6;504,7;447,5;600;539,04;7,154375;76;519;296;65;0;41842
21601126;IE07;IE07;Matemática - Licenciatura;IEC081;INTRODUÇÃO A CIÊNCIA DOS COMPUTADORES;7,87;Aprovado;2017; 1° Semestre;1;yes;SISU - AC (Ampla Concorrência);SISU;AC;2016;no;0;5,33;5,06;M;20;544,6;601,3;588,5;767,6;580;616,4;6,742666667;60;303;224;68;1;35613
21600273;IE07;IE07;Matemática - Licenciatura;IEC081;INTRODUÇÃO A CIÊNCIA DOS COMPUTADORES;9,04;Aprovado;2017; 1° Semestre;1;yes;SISU - AC (Ampla Concorrência);SISU;AC;2016;yes;0;7,67;7,22;F;31;555,5;611,5;554,5;696,6;760;635,62;7,501333333;95;276;163;77;0;34635
